actual_house_value,predicted_house_value,prediction_error
0.477,0.49411833,-0.017118332862854024
0.458,0.8039841,-0.3459841055870056
5.00001,5.1122437,-0.11223365234375038
2.186,2.5533493,-0.367349256515503
2.78,2.34172,0.4382798957824705
1.587,1.7040917,-0.11709166812896732
1.982,2.333189,-0.3511890106201172
1.575,1.6143391,-0.03933911323547368
3.4,2.7020748,0.6979252338409423
4.466,4.871383,-0.4053831901550291
1.232,1.0774132,0.1545867986679077
2.539,2.0449142,0.4940857543945314
2.151,1.6495503,0.5014496812820433
2.205,1.7655559,0.4394441413879395
2.198,2.3835754,-0.18557543945312505
1.362,1.6397192,-0.27771924781799306
1.784,2.0650063,-0.2810062561035156
1.875,1.9711123,-0.09611225128173828
1.398,1.406232,-0.008231999397277923
1.375,0.9561686,0.41883140802383423
4.25,4.0816865,0.16831350326538086
4.056,4.074907,-0.01890682601928706
1.388,0.97121793,0.41678206968307485
5.00001,4.334569,0.6654410226440426
1.621,1.7220948,-0.10109477424621582
0.514,0.48733154,0.0266684606075287
1.513,1.8792236,-0.3662235851287843
0.948,1.1194236,-0.1714236278533936
2.041,1.540191,0.5008089456558227
3.615,3.77353,-0.1585300064086912
0.851,1.2219876,-0.3709876050949097
1.384,1.3321084,0.05189162158966054
1.375,2.0319324,-0.6569323539733887
4.65,4.0939765,0.5560235023498539
2.718,2.6218765,0.09612352180480954
2.394,2.3911662,0.002833789825439581
3.409,3.487902,-0.0789019260406496
1.504,1.4776475,0.026352457046508793
1.281,1.3581955,-0.07719554328918465
1.56,1.3718624,0.18813758850097662
2.581,3.0959227,-0.5149227085113526
0.905,1.1369914,-0.2319913816452026
0.713,0.9917733,-0.27877330732345584
2.197,2.1374347,0.05956527900695807
1.51,1.4153929,0.09460712432861329
2.901,2.0352204,0.8657796154022215
1.42,1.288486,0.1315139961242675
2.915,1.6976767,1.217323341369629
2.554,2.7179356,-0.16393556213378924
0.981,1.024123,-0.04312295341491701
2.519,2.4320705,0.08692950630188001
1.621,2.1999593,-0.5789592781066895
1.294,1.3824751,-0.08847513771057125
0.894,0.7141352,0.17986477041244509
1.505,1.4571027,0.047897343635558975
1.338,1.2103082,0.12769180583953865
0.804,0.7776176,0.026382426261901903
2.111,2.1647553,-0.05375534439086893
2.556,2.1592956,0.3967044410705567
2.145,1.9390091,0.20599092960357668
5.00001,3.943347,1.056663022766113
2.021,2.7232246,-0.7022246398925782
0.815,1.0403519,-0.2253518676757813
0.988,0.9533921,0.034607911586761464
2.819,3.0440836,-0.22508359527587896
1.846,1.8448424,0.0011575660705567259
2.547,1.6390998,0.9079001636505128
1.431,1.5000823,-0.06908225440978999
1.625,1.8676301,-0.24263012409210205
1.426,1.5094702,-0.08347022438049323
0.859,1.0907136,-0.23171362018585206
1.869,2.130564,-0.26156397438049317
0.713,0.873953,-0.16095298480987552
1.744,1.7120262,0.03197376155853271
2.25,1.7163488,0.5336512327194214
1.465,2.103459,-0.6384588813781737
4.05,4.0716925,-0.02169246673584002
1.896,2.0351017,-0.13910165214538583
1.644,1.7662067,-0.1222067413330079
3.375,3.1386333,0.23636674880981445
0.725,0.7543189,-0.02931889295578005
1.438,1.6883622,-0.25036224079132086
1.6,1.997357,-0.39735701084136954
1.181,1.678182,-0.49718200588226313
3.74,4.034613,-0.2946131324768064
2.027,2.573604,-0.546604106903076
0.966,0.7976174,0.16838262414932248
0.658,0.844622,-0.18662201595306394
1.674,2.21076,-0.5367601165771485
1.798,1.8382851,-0.04028508853912349
0.967,1.3348225,-0.3678225355148316
2.661,2.8155768,-0.15457679176330563
0.911,1.0082802,-0.09728015804290768
0.498,0.40288153,0.09511846709251404
0.907,1.0159491,-0.10894913005828855
1.158,1.2386498,-0.0806498451232911
2.786,4.1801343,-1.3941342964172363
2.5,1.9648204,0.535179615020752
0.85,1.6587529,-0.8087529182434082
1.77,1.9188251,-0.1488251495361328
0.997,1.4061843,-0.4091843156814575
3.576,4.5216193,-0.9456193199157714
4.75,3.872329,0.8776710033416748
2.736,2.7326825,0.003317533493042202
1.824,2.113602,-0.28960192298889154
1.578,1.5328236,0.04517643737792976
1.938,2.45518,-0.5171799297332764
3.336,3.2108998,0.1251001701354979
2.646,2.5636272,0.08237275695800772
0.584,0.80720615,-0.22320615386962894
1.734,1.6509516,0.08304837608337401
2.148,2.3341026,-0.18610263061523424
2.0,2.3753972,-0.3753972053527832
4.228,4.0081935,0.21980650711059546
0.936,1.256204,-0.32020400905609125
1.222,2.272741,-1.0507410793304444
1.676,1.6368837,0.03911626434326165
3.036,2.9726183,0.06338165855407718
2.693,2.4221568,0.270843189239502
2.644,2.1611063,0.4828936519622804
1.91,1.8438312,0.06616881847381584
1.538,1.7747134,-0.23671339702606198
2.755,3.146061,-0.39106094360351573
2.088,1.8193578,0.2686422472000123
1.423,1.381854,0.041145942687988324
0.635,0.8327517,-0.19775169134140014
0.958,0.8486369,0.10936307477951046
2.317,2.2856166,0.03138336372375505
2.215,2.8167849,-0.6017848587036134
0.895,1.6979659,-0.8029658603668213
2.26,2.8174336,-0.5574335956573488
5.00001,4.722464,0.2775459153747555
2.702,2.9994357,-0.29743566322326664
0.596,0.77776176,-0.18176175737380984
1.933,2.1585975,-0.22559746932983393
1.336,1.0112872,0.3247127876281739
1.619,2.104186,-0.4851860580444336
3.575,3.1752224,0.39977760314941424
2.765,2.4277468,0.33725322723388684
4.107,3.030898,1.0761019058227541
3.75,2.6037927,1.146207332611084
1.352,1.2537886,0.09821140956878671
1.672,1.5667623,0.10523767185211175
2.52,2.5786972,-0.05869720458984373
3.084,4.1606884,-1.0766884002685546
1.721,1.3957943,0.32520572757720956
5.00001,4.8287625,0.17124746871948204
1.938,1.6750153,0.2629846696853637
1.052,1.0035702,0.0484298009872437
0.908,1.0142246,-0.10622464847564694
1.688,1.9292282,-0.2412281866073609
1.621,1.1898844,0.43111557579040527
1.612,1.7121593,-0.10015927600860586
1.375,1.3880342,-0.013034224510192871
2.893,2.8392162,0.053783767700195106
2.787,2.8325148,-0.04551476287841805
1.617,2.319667,-0.7026671009063721
2.31,2.4087512,-0.09875124931335444
0.875,0.939991,-0.06499099731445312
0.957,1.0724958,-0.1154958181381226
2.406,1.9375803,0.4684196529388429
2.141,2.1269877,0.014012304306030288
4.286,4.052562,0.23343776321411092
1.25,1.7416378,-0.49163782596588135
0.764,0.8082308,-0.044230817317962634
2.638,2.8681111,-0.23011113357543955
1.204,1.7684574,-0.5644574127197266
1.091,0.8491888,0.24181119537353513
1.706,2.1654232,-0.45942315483093266
2.574,2.4403117,0.13368832969665512
3.2,3.204805,-0.004804897308349432
2.896,3.0700066,-0.1740066089630128
3.073,2.849107,0.22389297294616695
3.255,3.212769,0.04223096847534169
0.584,0.66393685,-0.07993685340881351
0.485,0.358749,0.12625099778175353
2.167,0.8552163,1.3117836756706236
0.979,0.9841451,-0.005145104885101337
1.586,1.5321779,0.053822074890136795
0.69,0.7111861,-0.021186110973358208
3.223,3.2379491,-0.014949132919311658
4.677,3.4101615,1.2668385047912594
1.63,1.6726419,-0.04264187335968028
2.871,2.5846887,0.286311336517334
0.546,0.47681567,0.06918432927131657
0.904,1.1654364,-0.26143638706207273
1.555,1.5905795,-0.035579509735107484
1.75,2.8024433,-1.052443265914917
4.112,4.34212,-0.23012017059326162
3.321,2.8255491,0.49545087432861346
1.412,1.4578713,-0.045871317863464434
2.471,2.6217887,-0.15078874015808097
1.53,1.5008131,0.029186873435974148
1.55,1.8586285,-0.30862851142883296
3.908,1.4488856,2.4591144399642944
0.9,0.8435196,0.05648037195205691
1.967,1.9707682,-0.003768213272094645
0.682,0.85624844,-0.17424843835830683
5.00001,5.0481677,-0.04815770553588905
0.921,1.2065625,-0.2855625190734863
2.979,2.6685686,0.31043138885498056
5.00001,5.031482,-0.0314722196960453
3.323,3.227442,0.09555797386169429
1.711,1.9919255,-0.2809254779815673
1.521,1.6506385,-0.12963846111297617
2.32,2.279339,0.040660924911498864
1.271,1.6838844,-0.4128843822479249
0.875,1.00548,-0.13048005104064941
2.034,1.8593601,0.17463990116119366
2.286,2.0424745,0.24352549171447757
1.167,1.1176287,0.049371306419372596
4.167,4.601453,-0.43445282745361347
2.276,2.169636,0.10636398887634257
2.679,3.2749262,-0.5959261856079103
0.972,1.1364291,-0.16442907142639163
1.375,1.6467013,-0.2717013359069824
1.988,2.0228589,-0.03485885810852052
0.686,0.534858,0.1511420116424561
3.525,2.9487448,0.5762552261352538
1.038,1.0831151,-0.04511510086059567
1.078,1.123937,-0.045937010765075614
1.317,1.5107985,-0.19379845428466802
2.713,3.1796153,-0.46661525917053215
0.973,1.4506749,-0.4776748914718628
0.95,1.00183,-0.05182998180389409
0.675,1.4863966,-0.8113965511322021
3.261,2.9990203,0.26197966194152844
0.656,0.86128664,-0.2052866401672363
2.256,2.0366592,0.21934075927734353
2.638,2.9471505,-0.30915046882629404
3.483,3.1758566,0.307143409729004
3.25,2.5033987,0.7466013431549072
1.088,1.3498534,-0.26185339641571037
4.0,3.6312451,0.36875486373901367
1.384,1.3603941,0.023605879783630268
0.61,0.7042961,-0.09429611206054689
4.531,4.743675,-0.21267523193359406
5.00001,5.1465664,-0.14655639099121132
1.202,1.3951799,-0.19317986774444584
3.292,2.7322915,0.5597085399627684
1.963,2.1071835,-0.14418345642089836
1.5,1.1108061,0.38919389247894287
1.52,1.7246462,-0.20464621067047117
1.699,1.5277592,0.1712408056259156
1.375,1.5669572,-0.1919572353363037
2.83,2.648196,0.18180401802062995
4.045,2.785992,1.259008092880249
1.935,2.3141167,-0.37911671638488764
2.051,3.139131,-1.0881310691833495
1.456,1.5723099,-0.11630985164642338
2.25,1.1197845,1.1302155256271362
2.159,2.2199924,-0.060992399215698434
1.585,1.6869594,-0.10195938587188724
1.247,1.3811198,-0.13411984729766835
0.654,0.6936146,-0.0396146020889282
2.802,2.3818874,0.4201125640869141
1.805,1.5545282,0.2504717636108398
1.054,1.2162884,-0.16228844738006587
1.0,1.3409989,-0.34099888801574707
1.663,1.3892688,0.27373124408721927
1.58,2.0752761,-0.49527613639831536
2.438,2.8100877,-0.3720876808166502
3.629,3.588043,0.040957025527954105
2.019,1.7705947,0.2484052839279176
0.526,0.6814277,-0.15542771720886228
5.00001,4.409686,0.5903239114379879
1.12,1.2164487,-0.09644866466522206
2.25,2.2034762,0.0465238094329834
4.399,4.29022,0.10878021621704104
0.883,1.225204,-0.3422039909362793
5.00001,5.1556835,-0.15567351745605507
2.768,1.8238226,0.944177382469177
1.792,1.7124584,0.07954162788391117
1.997,1.8139226,0.18307735633850108
1.32,1.2201891,0.09981090545654303
0.613,1.0429182,-0.4299182052612305
1.719,1.9427392,-0.22373924827575675
1.238,1.3972305,-0.15923050594329835
1.353,1.0375555,0.31544454383850096
1.371,1.9032234,-0.5322233953475952
1.293,1.633595,-0.3405949897766114
2.279,2.835996,-0.55699591255188
0.944,1.0897748,-0.1457748470306397
1.035,1.3581365,-0.323136534690857
3.208,3.4511468,-0.24314684104919415
1.25,4.0845037,-2.834503650665283
3.324,3.1647465,0.15925347709655746
1.591,1.6206933,-0.029693325996398956
2.369,2.556615,-0.18761511421203592
4.616,4.688886,-0.07288616561889683
1.569,1.6622261,-0.09322608089447026
1.482,1.0002041,0.48179591369628905
1.665,1.56394,0.1010599517822266
1.969,2.2916186,-0.32261858558654777
1.678,1.910215,-0.2322150201797486
1.267,0.8674946,0.3995054168701171
5.00001,3.6794608,1.3205492360687252
0.579,0.53686255,0.04213744783401485
2.38,2.3323863,0.04761374473571767
1.42,1.7462686,-0.32626863002777107
0.869,0.9437477,-0.07474769926071168
0.56,0.67753077,-0.11753076553344721
5.00001,5.1111875,-0.11117745803833046
1.124,1.2549877,-0.13098771667480458
0.636,0.9996689,-0.3636688961982727
4.313,4.724426,-0.4114257926940921
2.659,2.5795417,0.07945831680297832
0.58,0.7307513,-0.1507512760162354
1.941,2.7051795,-0.7641794528961181
1.428,1.6596947,-0.23169467163085944
1.787,1.601945,0.18505495738983146
1.875,2.2211983,-0.34619832038879395
2.25,2.0909245,0.15907549858093262
3.13,3.0195365,0.11046350479125966
5.00001,5.1060405,-0.10603047775268593
1.536,1.4689738,0.06702624416351322
0.623,0.7886994,-0.16569938850402832
1.945,1.8319225,0.11307746887207037
1.639,1.6664987,-0.027498661041259753
3.988,3.4474828,0.5405171756744385
2.041,2.3223133,-0.2813133087158204
1.993,2.347534,-0.3545339412689208
1.767,2.102836,-0.33583589363098154
5.00001,4.78845,0.21156023574829064
2.489,2.0515935,0.43740645790100086
1.5,1.4749777,0.025022268295288086
2.317,2.118248,0.19875201416015642
0.58,0.8710976,-0.29109762430191044
1.26,1.5114226,-0.25142263412475585
1.633,1.5114241,0.12157593536376954
1.134,1.3412133,-0.20721334552764903
3.0,2.581362,0.4186379909515381
3.109,3.4777317,-0.3687317047119141
2.188,2.0206468,0.16735318946838396
0.704,0.8244364,-0.12043642616271977
2.377,2.6843648,-0.3073647956848147
1.188,1.1479253,0.04007474231719965
0.731,0.660571,0.07042902088165282
0.75,1.029807,-0.2798069715499878
4.507,4.3799214,0.12707856369018522
2.402,2.1426635,0.2593365211486818
0.658,0.6497725,0.00822747516632083
0.647,0.67216647,-0.02516646671295164
1.751,2.0819075,-0.3309075107574464
2.237,2.1935894,0.04341055107116709
0.963,1.2574672,-0.2944671506881714
4.051,3.9280214,0.12297856903076188
3.768,3.2659082,0.5020917587280271
5.00001,5.1422653,-0.14225531982421913
3.5,2.4078574,1.0921425819396973
1.625,2.5462105,-0.921210527420044
1.773,1.7955375,-0.022537471771240325
0.984,1.1023723,-0.11837228870391847
1.388,1.096442,0.29155801582336416
1.75,2.483561,-0.7335610389709473
2.609,1.8369285,0.7720715131759643
1.047,0.6729377,0.3740623087882995
1.595,2.0729754,-0.4779753971099854
2.959,3.0193093,-0.06030928230285637
1.375,2.9573724,-1.5823724269866943
5.00001,4.2913837,0.7086262567138668
2.27,2.361353,-0.09135292053222654
2.639,2.0917387,0.5472612991333006
1.604,1.6074784,-0.003478380203246978
1.42,1.5443394,-0.12433941841125495
1.625,1.6483283,-0.023328304290771484
2.304,1.8906976,0.4133024015426634
5.00001,4.727308,0.27270220352172814
2.177,2.7707412,-0.5937412242889404
1.83,1.9771533,-0.1471533012390136
2.458,1.8875476,0.5704523878097536
1.292,1.2216777,0.0703223390579224
0.604,0.60366267,0.0003373303413390927
0.675,0.7949147,-0.11991472244262691
2.952,3.0875537,-0.13555373954772953
1.926,2.0940003,-0.1680003395080567
1.506,1.6506021,-0.14460210227966308
1.257,1.3837451,-0.12674507427215587
0.634,0.8324713,-0.1984713110923767
1.513,1.7063586,-0.19335855197906504
2.456,3.0524056,-0.596405595779419
5.00001,4.6697097,0.3303003175354
1.655,1.8587567,-0.20375666141510007
1.135,1.131769,0.003231058120727548
3.222,3.6796553,-0.4576553134918213
3.625,4.160402,-0.5354018211364746
0.696,0.7615877,-0.06558767938613896
1.561,1.5152372,0.045762787818908635
0.875,1.312001,-0.43700098991394043
1.931,2.2820563,-0.35105633163452143
2.18,2.124444,0.055555992126465004
1.018,1.0180271,-2.70671844482262e-05
1.291,1.1832591,0.10774087047576897
1.563,0.87269443,0.6903055672645568
1.832,1.7210411,0.11095891666412361
1.481,1.4004065,0.08059352016448984
5.00001,5.0804706,-0.08046056198120155
2.221,3.533206,-1.3122059860229491
1.676,1.7960906,-0.12009060287475593
1.845,2.1066308,-0.26163080215454104
3.7,4.1069727,-0.4069726943969725
2.394,2.35728,0.03671998405456556
1.667,1.6001575,0.06684250068664555
2.333,1.7500366,0.5829634027481081
2.4,2.4931748,-0.09317479133605966
0.913,0.87370557,0.03929443407058719
4.835,4.6555414,0.1794585800170898
1.505,1.6552126,-0.1502126407623292
0.995,1.6228304,-0.6278303909301758
2.402,2.2637362,0.1382637519836427
0.955,1.1449248,-0.18992475986480717
5.00001,5.1811657,-0.18115569519043007
2.516,2.2413151,0.27468487358093263
1.208,1.2158222,-0.00782221984863285
1.357,1.2204914,0.13650859069824217
2.254,2.1347258,0.11927419090270996
5.00001,4.2701864,0.7298235757446285
0.851,1.0306082,-0.17960817718505862
5.00001,4.0094233,0.9905867440795895
1.648,1.5102928,0.13770723152160635
1.116,1.3754619,-0.2594619359970092
1.61,1.4480735,0.16192649364471445
2.137,1.8348169,0.30218306732177735
1.165,1.1825709,-0.01757093429565426
3.5,3.036761,0.4632389545440674
1.599,2.124168,-0.5251679191589356
4.383,3.2941654,1.0888346271514893
1.711,1.9134912,-0.20249124908447258
2.711,2.9491453,-0.23814531707763686
5.00001,3.1972554,1.802754626998901
0.68,0.9484426,-0.2684425783157348
1.917,2.0555573,-0.13855725097656246
2.559,2.665378,-0.10637809371948226
1.125,1.4444196,-0.31941962242126465
1.822,1.5614041,0.2605958909988404
3.476,3.061494,0.41450588798522947
3.32,3.057134,0.2628660869598387
1.109,1.3266847,-0.21768471336364748
2.119,2.1698143,-0.05081434822082498
2.625,2.3648195,0.2601804733276367
2.379,2.3400102,0.03898983383178711
0.9,1.1563276,-0.25632760524749754
4.272,3.880851,0.3911489696502688
3.705,3.923541,-0.21854106903076165
1.163,1.0988693,0.06413067626953128
1.708,1.600478,0.10752194690704342
2.855,3.3406715,-0.48567153930664064
1.115,1.3755474,-0.2605474090576172
0.832,1.1762961,-0.34429611492156986
2.482,2.4893641,-0.007364147186279091
3.955,3.6063602,0.34863980293273933
2.183,2.12487,0.05812993812561018
5.00001,4.797353,0.2026572091674801
0.889,0.8878701,0.0011299266815185671
1.81,1.6475261,0.16247385501861578
2.809,3.5856774,-0.7766773853302
3.453,3.0286353,0.4243647365570067
1.81,1.9482191,-0.1382190608978271
1.922,2.2053452,-0.2833451538085938
0.781,0.631236,0.14976398324966433
0.75,1.1665231,-0.4165230989456177
4.333,4.2542515,0.07874851989746112
1.601,1.7659775,-0.16497750186920168
1.092,1.223381,-0.13138104248046867
0.962,1.3096205,-0.3476204996109009
1.914,1.5456047,0.36839529418945305
3.6,1.931413,1.6685869455337525
1.856,2.3136737,-0.4576737346649169
1.188,0.9503314,0.23766861009597773
1.227,1.1188722,0.10812783432006845
2.063,1.9077795,0.15522054481506364
1.956,1.3564205,0.5995794830322265
0.756,0.9647746,-0.20877460861206054
1.043,1.125383,-0.08238301944732673
3.859,4.1774096,-0.3184096488952637
1.139,1.2396567,-0.1006566867828369
0.794,1.0638009,-0.26980093097686764
0.813,0.83290684,-0.019906842231750543
1.292,1.9225508,-0.6305507974624633
0.735,0.75464594,-0.01964594364166261
1.759,1.5673921,0.19160788917541494
1.424,1.6208345,-0.19683446979522712
2.341,2.3624926,-0.02149256134033184
2.867,3.1842554,-0.31725536155700684
0.925,1.1488609,-0.22386093139648433
1.701,1.5838054,0.11719455814361579
1.618,1.677309,-0.05930903625488271
2.253,2.4659593,-0.2129593105316161
1.706,1.4404168,0.26558318710327145
3.194,3.084194,0.10980605506896968
0.958,0.86074007,0.09725993442535397
0.734,0.84338963,-0.109389630317688
0.936,1.0201958,-0.08419584178924555
0.517,0.5092585,0.0077414913177490385
3.587,3.8011436,-0.2141436462402342
0.647,0.533127,0.1138729901313782
3.442,3.1098537,0.33214625549316423
3.14,3.4060097,-0.2660096740722655
1.857,2.6179001,-0.7609001331329346
2.793,2.5003138,0.2926862411499025
1.194,2.0108051,-0.8168051300048829
2.804,2.8768535,-0.07285346603393572
1.871,2.248593,-0.3775930919647217
0.838,0.8137578,0.024242222785949674
3.093,2.36336,0.7296400718688965
2.292,2.7783124,-0.48631244468688983
2.45,2.343394,0.10660595893859881
2.276,2.6862156,-0.4102156391143801
5.00001,4.8128247,0.1871852738952633
3.208,2.696351,0.5116489486694338
1.473,1.4298259,0.04317409801483163
1.623,1.9024519,-0.27945187282562256
2.659,2.9399564,-0.2809564266204836
5.00001,4.7765374,0.2234725816345211
1.891,2.1055334,-0.2145333614349365
3.164,3.3771331,-0.21313313102722153
1.819,1.7730167,0.04598330879211421
2.615,2.69907,-0.08406997680664041
0.69,0.69344324,-0.003443238735199028
1.813,2.112272,-0.29927202415466314
2.93,3.0579548,-0.12795478820800765
1.111,1.250391,-0.13939100646972657
2.183,2.7540634,-0.5710633678436281
1.472,1.400941,0.07105898571014402
2.438,1.855486,0.5825139646530153
2.23,2.1420019,0.08799813270568846
1.375,1.9117026,-0.5367026329040527
0.606,0.7188862,-0.11288619661331178
2.75,2.473174,0.2768259048461914
3.5,2.6223924,0.8776075839996338
1.712,1.656466,0.05553399276733395
0.835,1.1525546,-0.31755463123321537
2.25,2.7020335,-0.45203351974487305
1.656,1.8307234,-0.17472340488433846
1.52,1.6049987,-0.08499870777130125
1.92,2.2798104,-0.35981042861938484
2.542,2.8491273,-0.3071272926330568
1.5,0.9282772,0.5717228055000305
2.125,2.3510017,-0.22600173950195312
0.804,0.7300151,0.07398490095138555
2.065,2.2077255,-0.1427255249023438
3.311,3.5410216,-0.2300215854644776
2.014,2.525877,-0.5118769989013674
1.884,1.8296824,0.05431764984130849
1.954,2.050536,-0.09653591728210453
4.425,4.4526606,-0.027660560607910334
1.527,1.8790311,-0.35203106212615976
5.00001,5.0814743,-0.08146430419921913
2.398,2.6622972,-0.2642972488403319
1.594,1.1248083,0.46919168853759774
0.918,1.236759,-0.3187589473724365
2.409,2.5306566,-0.1216565761566164
1.364,1.3738521,-0.009852133750915426
1.036,1.0681273,-0.0321272745132446
1.325,1.4792618,-0.15426175594329838
2.929,2.8728209,0.05617914581298811
0.628,1.3893446,-0.7613445730209351
1.121,1.1850768,-0.06407683277130127
0.891,0.7740481,0.11695191001892091
1.207,1.3315583,-0.12455834674835198
4.714,4.196321,0.5176789894104008
3.147,3.8535786,-0.706578567504883
2.264,2.3767202,-0.11272019004821798
4.097,3.2670813,0.8299187393188481
1.49,1.1769531,0.3130469226837158
1.717,2.8562794,-1.1392793731689452
2.355,3.0436645,-0.6886644554138184
3.228,2.9681442,0.2598558216094973
2.445,2.7091146,-0.2641145515441896
1.622,1.9089518,-0.2869517593383788
3.409,3.4989605,-0.08996049499511738
0.574,0.48100537,0.09299462938308711
1.989,2.068249,-0.07924898719787588
1.097,1.5531293,-0.45612931537628176
1.375,1.1270878,0.24791216850280762
0.857,1.2514353,-0.3944352798461914
0.983,0.7918268,0.1911732153892517
1.782,1.7102474,0.0717526025772095
1.375,2.9964077,-1.6214077472686768
2.75,2.8887973,-0.13879728317260742
3.815,3.323223,0.49177688598632807
5.00001,4.9366627,0.06334732604980431
5.00001,4.9960866,0.003923402557372668
1.792,1.6037859,0.18821412754058842
2.045,1.9306085,0.11439148902893059
3.941,4.157443,-0.21644304656982438
1.844,1.8944722,-0.05047224140167228
1.74,1.423811,0.3161890411376953
0.807,1.1644353,-0.35743526744842524
1.896,1.7481405,0.14785954570770254
0.6,0.86550474,-0.2655047416687012
1.266,1.1953274,0.07067259883880617
2.625,2.4753504,0.14964962005615234
1.392,1.5363624,-0.1443624095916749
0.513,0.57129717,-0.05829716873168944
2.292,2.6190948,-0.3270948486328127
1.011,1.4567206,-0.44572059059143077
0.977,0.87682796,0.1001720447540283
1.583,1.5410936,0.04190641212463375
3.491,3.5781968,-0.08719676399230947
0.855,1.4735194,-0.6185194444656372
2.141,2.3972702,-0.25627020263671874
2.271,2.3529305,-0.08193054580688486
1.557,1.4309112,0.12608881664276117
0.668,0.7746812,-0.10668121051788326
2.073,2.167805,-0.09480495643615727
2.228,1.9701967,0.2578032760620119
3.545,3.5673501,-0.022350149154663157
3.405,3.6300697,-0.22506973266601582
0.529,0.6240184,-0.09501837110519407
1.406,1.8394145,-0.4334144773483277
1.508,1.61378,-0.10578002166748046
0.561,0.56462663,-0.003626634120941108
2.596,2.7328799,-0.13687987709045402
3.189,3.1030412,0.08595882797241217
1.484,2.2540143,-0.770014253616333
2.899,2.4607499,0.43825013542175295
1.618,2.3057103,-0.6877103157043456
2.55,2.1958835,0.3541164875030516
0.875,1.2665458,-0.39154577255249023
2.45,3.0361533,-0.5861533164978026
3.05,2.9685092,0.0814908027648924
2.15,2.964738,-0.814737892150879
2.49,2.8202972,-0.3302972412109373
5.00001,5.082065,-0.0820551054382328
3.2,2.3343089,0.865691137313843
1.74,1.9371164,-0.1971163845062256
2.925,2.5013804,0.4236195564270018
5.00001,4.8823423,0.1176676614379879
2.899,2.9368598,-0.03785984611511228
4.384,3.653952,0.7300481166839603
1.82,2.1197538,-0.29975383758544916
1.705,1.9256155,-0.22061554908752434
0.692,0.7624695,-0.0704694705009461
0.956,1.0639602,-0.10796019458770756
2.728,2.993281,-0.26528088760375956
0.813,1.6422154,-0.829215371131897
2.724,2.793882,-0.06988189315795879
1.526,1.2999029,0.22609708404541018
0.559,0.8381322,-0.2791322026252746
2.135,2.0827394,0.052260646820068146
3.313,1.7830285,1.529971516609192
2.018,1.8680246,0.1499754123687742
0.571,0.69758964,-0.12658963584899907
3.318,3.8723214,-0.5543213672637939
3.659,2.681798,0.9772020187377928
1.275,1.025466,0.24953403472900382
1.118,1.0055548,0.11244520473480235
3.537,2.8959239,0.6410761470794677
2.293,2.6191478,-0.3261477775573729
0.875,1.0385534,-0.1635533571243286
2.375,2.2777731,0.09722685813903809
1.133,0.8669586,0.2660413818359375
1.125,1.0448169,0.08018314838409424
1.385,1.2510375,0.13396252155303956
3.074,3.3492823,-0.2752822647094728
1.009,1.2763578,-0.2673577699661256
0.978,1.035678,-0.05767802906036379
1.767,2.062836,-0.2958359317779542
2.18,2.0817325,0.09826748847961442
2.906,2.5628698,0.3431302127838136
1.577,1.7713654,-0.19436540412902836
3.48,3.581924,-0.10192396163940431
0.672,0.7420652,-0.07006519126892086
2.604,2.1833086,0.42069139862060556
1.236,1.3394262,-0.10342615985870363
0.675,0.609115,0.0658849954605103
1.307,1.4633899,-0.15638987350463873
0.66,0.8051924,-0.1451924109458923
1.666,1.6912391,-0.02523911857604988
2.256,2.0976336,0.15836639976501443
2.571,2.1291182,0.4418817958831789
5.00001,4.58348,0.4165301187133785
1.139,1.3668203,-0.22782033538818358
0.91,1.2581983,-0.3481982612609863
2.174,2.0982294,0.07577059173583978
0.96,0.9998869,-0.039886870384216344
1.292,1.3872836,-0.09528356361389156
3.502,3.2646222,0.23737778854370095
4.421,4.652631,-0.23163080596923802
2.229,1.483246,0.7457540311813355
0.813,0.7716349,0.041365123271942084
1.606,1.6588659,-0.05286592864990225
5.00001,3.396465,1.6035449369049068
3.412,3.534193,-0.12219303894042977
2.879,2.999112,-0.12011189079284668
3.447,4.675069,-1.2280688552856445
1.8,1.8919984,-0.0919984102249145
1.678,1.8414694,-0.16346940708160407
0.55,0.8505122,-0.3005122065544128
0.508,0.50509405,0.0029059486389160227
1.426,2.179982,-0.7539819469451905
2.358,2.165328,0.192671974182129
1.127,1.2623796,-0.13537964630126953
2.102,2.0595706,0.04242944908142077
2.107,1.0039876,1.1030124492645266
0.654,0.585545,0.06845499658584597
1.625,1.8783327,-0.2533327341079712
1.503,1.8071718,-0.3041718215942384
5.00001,5.3892283,-0.3892183439636234
1.014,1.215308,-0.20130795097351073
2.218,2.5506172,-0.33261721801757815
2.603,2.5307772,0.0722227840423586
1.788,1.847768,-0.05976794910430905
1.704,1.6630294,0.04097056770324703
3.194,3.641864,-0.44786406135559087
1.906,1.6036794,0.30232058143615714
1.841,2.005589,-0.16458900833129886
1.911,1.9288497,-0.017849697113037077
1.496,1.9459935,-0.4499935426712036
5.00001,4.814632,0.18537806106567345
1.834,1.8559353,-0.021935335159301683
4.441,3.9024496,0.5385503921508787
2.427,2.4758024,-0.04880242156982417
0.762,0.9468471,-0.1848470811843872
1.329,1.3459966,-0.016996618270874064
4.098,3.0856736,1.0123264293670653
1.125,0.9405607,0.1844393014907837
3.766,3.2509239,0.5150761280059815
0.505,0.9869469,-0.4819468808174133
5.00001,4.0775084,0.9225015504455563
2.095,1.8479465,0.24705347537994404
0.778,0.89437336,-0.11637335729598997
2.997,3.1656241,-0.16862414169311535
3.75,2.2891705,1.460829496383667
1.565,1.2426603,0.32233971595764155
2.4,2.5270102,-0.127010202407837
0.772,0.8952058,-0.12320579576492308
0.985,0.85762155,0.12737844944000243
5.00001,3.989073,1.0109369618988033
1.104,1.7877308,-0.6837308130264281
0.864,1.186708,-0.3227079734802246
2.304,2.0769482,0.22705183410644514
1.639,2.208463,-0.5694629535675049
5.00001,4.703341,0.2966689927673336
0.495,0.7244426,-0.22944260120391846
1.074,1.4142671,-0.3402670631408691
3.625,1.7177192,1.9072808027267456
1.45,1.3644899,0.08551008701324458
2.185,2.4309518,-0.24595183372497553
1.301,1.5957242,-0.29472422504425055
1.46,1.6119233,-0.1519233369827271
1.525,1.2447166,0.28028335571289054
4.572,4.6698313,-0.09783127593994134
1.652,1.7765769,-0.12457687664031991
3.947,3.7680802,0.17891976547241217
1.444,1.4017757,0.04222428226470942
1.366,1.0681391,0.29786092376708995
2.164,2.0629847,0.10101529502868667
1.39,1.3028399,0.08716012477874746
1.038,0.9576803,0.0803197150230408
4.885,3.930701,0.954298982620239
2.271,2.794879,-0.5238789596557618
2.38,2.1113808,0.26861918449401845
2.156,2.9909914,-0.8349913539886473
2.923,3.3244705,-0.4014705200195312
1.459,1.352979,0.10602105522155769
1.873,2.163444,-0.29044404220581055
1.854,1.6430451,0.21095493221282968
2.8,2.29437,0.5056300640106199
1.411,1.2970468,0.11395321941375736
1.909,1.9762229,-0.0672228727340698
2.625,1.563495,1.0615049600601196
4.42,3.9656825,0.45431749343872063
2.748,2.945659,-0.19765892219543435
0.855,0.8614979,-0.00649787902832033
2.318,2.5384135,-0.2204135246276855
3.02,2.8372166,0.18278338432312013
2.358,2.9257143,-0.5677142543792724
0.722,1.0142928,-0.29229283618927004
1.824,1.7480775,0.07592248821258551
5.00001,4.8270187,0.17299126220703087
0.787,0.71564007,0.07135993194580081
1.813,2.210731,-0.3977310295104981
1.98,2.1227827,-0.1427827072143555
1.996,1.9192841,0.07671589469909668
0.633,1.0598625,-0.42686249446868896
0.94,1.3094004,-0.3694004392623902
1.868,1.8662429,0.0017571144104004954
1.17,1.2698987,-0.09989865303039558
1.178,1.2865639,-0.10856387329101569
1.21,1.4152896,-0.20528964042663578
2.309,2.270789,0.03821109199523942
4.273,4.0985174,0.17448258209228484
1.281,1.5301263,-0.24912633323669442
3.847,2.9246712,0.9223288269042969
2.904,2.7069998,0.19700022125244132
0.913,1.3021022,-0.3891022081375122
0.619,0.63481116,-0.015811162948608404
2.322,2.507891,-0.18589093971252435
1.296,1.3612602,-0.06526017570495601
1.275,1.0337837,0.2412163257598876
1.505,1.7145476,-0.20954763412475597
1.875,1.3425604,0.5324395895004272
4.379,4.772548,-0.3935481986999516
1.265,1.938538,-0.6735379552841188
4.534,4.8412094,-0.30720941162109394
2.294,2.213325,0.08067497634887699
3.649,3.4717078,0.17729217910766604
1.919,1.973767,-0.05476704216003414
0.875,1.7035133,-0.8285132646560669
0.3,0.7109011,-0.41090108156204225
3.357,3.1355991,0.22140086364746114
2.421,2.4806798,-0.059679750442505064
1.737,2.0280313,-0.2910313491821288
0.541,0.4774173,0.06358270978927616
2.078,2.0969536,-0.018953630447387848
1.125,0.6183661,0.5066338777542114
1.667,1.8196481,-0.15264814662933346
2.718,2.784444,-0.06644409370422366
1.411,1.5307502,-0.11975015544891354
3.75,1.8519441,1.898055911064148
1.616,1.5647653,0.05123466587066661
1.594,2.0949068,-0.5009068069458007
0.863,1.0079595,-0.14495948505401612
2.563,2.2677677,0.2952323322296144
2.132,2.1854103,-0.05341026115417469
2.541,2.265559,0.27544104194641106
1.326,1.4552604,-0.12926039600372308
1.693,1.7699205,-0.07692046833038324
3.477,3.6203253,-0.1433253269195558
1.597,1.7118278,-0.11482775497436526
0.909,1.83237,-0.9233700428009033
2.905,2.6745558,0.23044422149658184
1.899,2.4376698,-0.5386697540283203
4.956,5.093968,-0.13796791458129842
3.333,3.6704257,-0.3374256534576414
1.838,1.7676407,0.07035929012298592
1.89,1.7087919,0.18120814800262441
1.575,1.1830353,0.39196474552154537
0.666,0.65587777,0.010122231006622351
1.324,1.567824,-0.24382400608062738
1.56,1.8069394,-0.2469393634796142
3.481,3.1232345,0.35776548957824694
2.264,2.5779488,-0.31394880867004415
0.742,1.0802872,-0.3382872180938721
1.583,1.7343158,-0.1513157529830933
5.00001,5.1107435,-0.11073352264404335
1.655,1.8092245,-0.15422448635101316
3.295,2.7488687,0.5461312961578368
1.396,1.4989089,-0.10290887737274179
1.529,1.4047018,0.12429817104339591
3.673,2.7894588,0.8835412483215332
0.7,0.9093023,-0.20930229425430302
0.974,1.2903367,-0.3163367280960083
0.659,1.0208496,-0.36184958553314206
0.493,0.49823257,-0.005232573270797736
1.541,1.631799,-0.09079898262023933
2.728,2.0431783,0.6848216800689699
2.471,2.6691456,-0.19814558410644523
2.688,1.9193493,0.7686506872177126
2.476,2.0440562,0.43194382286071775
4.168,3.777513,0.39048697280883804
1.216,1.1588672,0.05713276004791257
1.717,1.6353911,0.08160888385772713
1.738,2.3839226,-0.6459225769042969
2.356,2.723455,-0.36745495223999036
2.601,2.877872,-0.27687199020385744
2.0,2.3001478,-0.30014777183532715
2.966,2.5039027,0.4620973262786867
3.746,2.2702634,1.475736566543579
1.778,2.1601384,-0.38213836860656736
2.695,3.0506797,-0.3556796836853029
0.62,0.91928524,-0.29928523778915406
1.976,1.9974221,-0.021422099113464377
0.527,0.6366939,-0.10969389486312864
1.914,1.8338737,0.08012625122070305
3.177,3.4140222,-0.2370222072601318
3.294,2.5758994,0.7181006374359131
3.307,3.8666172,-0.5596172027587891
1.874,2.111301,-0.2373009452819823
2.865,2.1032193,0.7617807292938235
5.00001,1.8233522,3.1766577823257443
1.339,1.7716709,-0.432670937538147
1.998,2.0864286,-0.08842864227294922
0.45,0.6986057,-0.2486057162284851
3.546,3.3869016,0.15909838294982892
2.638,2.9141772,-0.27617717933654795
2.784,2.3972664,0.3867336120605467
1.604,1.5538945,0.05010548019409189
2.413,2.7351742,-0.3221741790771486
2.083,1.7035418,0.37945824432373065
2.636,2.8021832,-0.16618315124511707
1.45,1.5568843,-0.10688428878784184
1.325,1.3372872,-0.01228718757629399
1.838,1.8923588,-0.054358779907226484
0.811,0.9570305,-0.14603047513961787
1.765,1.8448539,-0.07985387802124033
2.555,2.2898097,0.26519029617309586
1.661,2.0956385,-0.43463851356506344
1.02,1.4730059,-0.4530058908462524
0.861,1.0212226,-0.1602225914001465
1.006,0.94548905,0.0605109510421753
5.0,3.9893777,1.010622262954712
2.099,2.4765437,-0.3775436649322508
0.525,0.6096984,-0.08469841480255125
2.629,2.2427592,0.38624077224731446
1.588,1.408972,0.17902797508239754
2.095,1.6344125,0.4605874729156496
3.5,2.27937,1.2206299304962158
2.171,2.133199,0.037801023483276186
1.414,1.4342449,-0.020244871139526444
0.934,1.1520962,-0.21809615230560297
1.982,1.5928543,0.38914573860168455
1.872,1.6734124,0.19858755779266368
1.853,1.6387495,0.21425051975250242
5.00001,4.578556,0.421453939208984
2.813,2.0508332,0.762166774749756
1.036,1.2187325,-0.182732476234436
2.879,3.2124255,-0.33342547035217285
2.083,2.0334733,0.049526746749878114
1.75,2.5693896,-0.8193895816802979
1.327,1.0883844,0.23861561012268062
1.72,1.6103457,0.10965427875518796
5.00001,4.554887,0.4451231820678707
0.64,0.68828887,-0.04828886747360228
2.279,2.0745347,0.20446534538269034
0.631,0.63067746,0.0003225383758544975
0.841,0.96953887,-0.12853886747360233
3.392,3.0088012,0.3831987781524657
1.563,0.91181487,0.6511851315498352
3.836,3.718997,0.11700299835205064
1.371,1.4334037,-0.06240373039245606
0.568,0.73668987,-0.1686898655891419
0.7,0.90162134,-0.2016213417053223
0.963,0.76685315,0.19614684629440304
0.926,1.4349113,-0.5089112510681152
3.591,3.2837687,0.3072313461303713
1.587,1.7871141,-0.20011414337158207
5.00001,4.6086807,0.39132927490234337
1.146,1.8010601,-0.6550600805282594
4.102,3.7138238,0.3881762046813968
2.819,2.1835096,0.6354904117584228
1.017,1.0844251,-0.06742509174346933
1.693,1.8654549,-0.17245491218566888
2.078,1.9508003,0.12719970035552963
3.272,3.4465184,-0.1745184211730959
2.779,2.7080162,0.07098384284973136
1.114,1.0304352,0.08356479549407969
0.806,0.87987316,-0.07387315654754634
2.075,2.3208687,-0.24586873054504377
2.753,2.3425882,0.410411813735962
4.21,3.5263214,0.6836785888671875
1.288,1.4925805,-0.2045805330276489
3.139,3.0471175,0.0918825283050535
0.676,0.85818744,-0.18218743705749507
0.644,0.9086756,-0.2646756110191345
1.539,1.3798048,0.15919515037536613
1.307,1.2841412,0.022858817100524842
2.385,2.994996,-0.6099960708618166
3.796,4.298997,-0.5029969253540041
1.465,1.9125652,-0.4475652313232421
1.503,1.8888333,-0.38583328437805187
0.803,1.3374639,-0.5344638557434082
2.933,1.2803326,1.6526674346923826
2.88,3.0084481,-0.12844812393188487
1.441,1.7948108,-0.3538107719421386
1.27,1.2806331,-0.01063309192657469
1.521,1.9365052,-0.4155051984786988
1.568,1.3024809,0.265519063949585
1.049,1.0314392,0.017560814857482843
5.00001,5.108329,-0.10831881927490272
1.344,1.3287818,0.015218156814575279
5.00001,5.008256,-0.008245958557129285
2.728,3.021588,-0.293588087081909
1.516,0.8794726,0.6365273866653443
3.626,3.098821,0.5271790752410888
1.692,2.0823002,-0.3903001861572266
1.404,1.8046055,-0.40060548400878915
0.437,0.49175498,-0.05475497889518738
1.36,1.8099092,-0.4499092245101928
2.644,2.7490926,-0.10509257888793933
1.522,1.9619782,-0.4399781970977783
1.375,2.5438564,-1.1688563823699951
2.147,1.527609,0.6193910093307493
1.709,2.0018218,-0.29282175636291496
2.362,2.3649848,-0.0029847507476805646
2.978,2.8104398,0.1675601749420168
0.885,1.1418296,-0.25682960987091064
1.276,1.1327771,0.1432229051589966
0.802,0.95475864,-0.15275864410400386
3.06,3.201459,-0.14145893096923823
4.364,2.5793424,1.7846576347351073
2.389,2.3190358,0.06996423149108866
2.317,3.0799146,-0.7629145698547362
1.229,1.3643215,-0.13532147026062002
2.182,2.241046,-0.05904595184326178
3.97,4.6092772,-0.6392772483825682
2.603,1.6687024,0.9342976360321047
4.357,3.7867324,0.5702675647735598
1.64,1.7597122,-0.11971221923828135
4.405,3.2990644,1.1059356021881106
0.854,1.096306,-0.24230596637725832
1.019,1.0575844,-0.03858440494537363
1.594,2.4138844,-0.819884401321411
1.903,2.5036128,-0.600612756729126
1.0,0.9344337,0.0655663013458252
1.396,1.435002,-0.03900196933746347
5.00001,5.011696,-0.011685861816406629
1.545,2.3896835,-0.844683485031128
1.705,1.7852336,-0.08023361682891839
1.106,1.0289518,0.0770482358932496
1.912,2.818203,-0.9062029724121095
2.872,3.6533568,-0.7813567905426027
1.501,1.4448094,0.05619056320190419
2.383,2.426258,-0.04325808715820312
1.542,2.1320355,-0.590035493850708
2.805,2.2396472,0.5653528499603273
1.619,1.7907821,-0.17178209400177002
2.656,2.8205333,-0.1645332756042479
1.227,1.2487495,-0.021749494552612214
2.312,2.381643,-0.069643056869507
3.191,2.8608148,0.3301851902008055
2.313,2.281662,0.03133801269531267
5.00001,4.8215685,0.1784415109252926
1.212,1.2071117,0.004888283729553189
2.225,2.2274933,-0.002493286132812411
4.5,2.793319,1.7066810131072998
1.021,1.0958879,-0.0748878993988038
2.012,1.9269904,0.08500961017608644
1.042,1.1888561,-0.14685612487792965
5.00001,5.0477867,-0.047776712646484754
1.32,1.2885793,0.03142065525054938
2.211,2.0780687,0.13293126678466782
1.516,1.3811178,0.13488217926025392
1.469,1.6281605,-0.15916047668457023
1.512,1.664894,-0.1528939847946167
1.651,1.6325908,0.018409229278564476
2.136,2.6199925,-0.48399249458312976
2.135,2.6048794,-0.46987937927246115
5.00001,4.015936,0.9840741021728512
4.38,3.527957,0.8520430374145507
1.838,2.0900238,-0.2520237560272216
3.5,3.7393188,-0.23931884765625
1.593,1.4727978,0.1202022485733032
1.291,1.3351363,-0.044136294364929274
0.766,0.621228,0.14477202033996583
2.25,1.8658092,0.38419079780578613
2.308,2.1109738,0.19702616500854475
4.318,4.1436214,0.17437855529785118
1.91,2.4592254,-0.5492254161834718
0.847,1.0559309,-0.20893085289001467
1.525,1.5196968,0.005303168296813876
0.676,0.69729203,-0.021292029857635453
1.982,1.92755,0.05445004177093504
3.063,2.2365403,0.8264596824645998
1.221,1.2007375,0.020262523651123132
2.761,1.9731917,0.787808261871338
1.03,1.0145489,0.015451102256774929
4.091,3.040024,1.0509759578704836
1.352,1.3630965,-0.011096475601196198
1.216,1.471806,-0.25580604934692386
1.828,1.5862123,0.24178772258758552
2.28,2.087545,0.19245508193969707
1.1,0.98123384,0.11876616477966317
1.112,1.2955854,-0.18358539390563955
0.847,0.7609622,0.08603781175613401
4.473,4.5991626,-0.1261625785827638
0.883,0.8574366,0.025563402652740486
0.871,0.9298012,-0.05880122566223145
1.875,2.0216532,-0.1466531753540039
1.469,1.7166784,-0.24767838096618644
1.031,0.98876107,0.04223893260955802
3.437,3.778137,-0.34113696861267107
0.982,1.2074665,-0.22546648311614992
2.625,1.4440371,1.1809629201889038
0.774,0.9322955,-0.1582955012321472
1.351,1.3375112,0.013488818168640115
1.347,1.4089605,-0.06196046161651614
2.313,2.0118988,0.3011012439727785
1.586,1.5079621,0.07803789234161385
1.016,0.9571365,0.058863488197326674
1.22,1.444623,-0.2246229934692383
3.8,3.60371,0.19629006385803205
1.894,1.6672885,0.22671145820617666
4.4,3.148271,1.2517289161682132
0.7,0.77448934,-0.07448934316635136
0.7,0.69727683,0.002723169326782182
3.335,3.4108057,-0.07580570220947269
1.018,1.2345393,-0.21653927040100096
5.00001,5.083031,-0.08302117752075233
3.605,3.7621894,-0.1571893882751465
1.695,2.0274563,-0.3324562835693359
2.056,1.5378819,0.518118148803711
1.663,1.77867,-0.11566995334625241
0.325,0.92329526,-0.598295259475708
3.627,2.8708508,0.7561491985321043
1.745,1.4194071,0.3255928707122804
1.976,1.8751712,0.10082881546020506
1.83,2.0082207,-0.1782206726074218
1.583,1.7183,-0.13529998493194584
1.002,1.3741713,-0.37217125701904297
0.875,0.89411,-0.019110023975372314
4.611,3.9220283,0.6889716968536375
1.902,2.6816967,-0.779696653366089
2.323,2.0942237,0.22877626228332515
2.216,2.4758122,-0.2598121967315672
2.269,2.5967557,-0.32775574302673327
2.242,2.350622,-0.10862193870544434
1.198,1.2811466,-0.08314664554595952
0.782,0.9152351,-0.13323510217666623
1.651,1.2815354,0.36946461296081545
2.139,2.6404262,-0.5014261589050295
0.697,0.887032,-0.19003197240829472
1.058,1.2255956,-0.16759559345245356
0.75,1.2588042,-0.508804202079773
0.917,1.1193192,-0.20231920051574703
2.695,2.9789424,-0.28394239425659196
0.682,0.68221545,-0.00021545219421381656
1.658,1.8248973,-0.16689728927612313
1.546,1.8514208,-0.3054207601547241
4.727,4.047717,0.6792829055786136
3.459,3.9845753,-0.5255752716064452
2.307,2.3883026,-0.08130256462097174
3.0,2.821257,0.1787428855895996
2.494,1.9086053,0.5853946628570559
4.357,4.1824126,0.17458737564086935
2.258,2.3431683,-0.08516825866699218
1.75,1.7990012,-0.049001216888427734
1.784,1.4800283,0.30397172832489017
2.76,2.147387,0.6126129722595213
1.159,1.0878272,0.07117279434204105
2.143,1.4360241,0.706975930213928
1.183,0.90801483,0.2749851660728455
5.00001,3.2349586,1.765051351318359
1.521,1.6759864,-0.154986409187317
1.404,1.5990869,-0.195086880683899
2.226,2.366092,-0.14009196662902834
4.445,3.3904133,1.0545867156982425
5.0,4.370803,0.6291971206665039
1.633,1.3298621,0.303137882232666
1.938,2.2907932,-0.3527931804656983
0.905,1.0527492,-0.14774915695190427
1.152,1.2756393,-0.12363929557800302
1.47,1.3892549,0.0807450723648071
2.739,2.5947108,0.14428917312622058
1.909,1.8040636,0.10493644142150882
0.748,0.79315305,-0.04515304756164551
5.00001,3.0982585,1.901751504669189
1.185,1.3363267,-0.15132671833038325
5.00001,2.1418335,2.858176456222534
0.55,1.8832245,-1.3332244873046875
0.584,0.76986504,-0.18586503601074222
0.958,1.2125105,-0.2545104665756226
0.992,1.1965444,-0.20454440879821778
1.674,2.3382986,-0.6642985591888428
0.705,0.8101319,-0.10513190746307377
0.675,0.7363381,-0.061338078975677446
0.757,0.9458899,-0.1888898901939392
1.83,1.8436891,-0.01368908405303948
5.00001,4.9505467,0.04946325851440392
0.973,0.95602417,0.016975830078124976
2.3,2.7075543,-0.407554340362549
0.829,1.0189463,-0.18994629001617436
0.522,0.7242752,-0.20227517175674437
1.148,1.2340534,-0.08605337333679208
0.88,1.0282855,-0.14828550338745117
2.242,1.6893291,0.5526708526611328
1.5,1.3892565,0.11074352264404297
3.417,3.1660218,0.2509781761169432
1.817,2.0802653,-0.2632652835845948
1.406,1.990034,-0.5840339841842652
0.727,0.6889293,0.03807068061828611
2.109,2.12557,-0.01657005882263185
0.977,1.2584649,-0.28146493244171145
1.097,1.167862,-0.07086205768585208
1.656,2.000734,-0.3447340908050538
2.306,2.0675,0.23849988555908208
1.638,2.0932224,-0.45522237968444834
0.958,0.7281398,0.2298601822853088
0.481,0.6476448,-0.1666448178291321
0.444,0.51940465,-0.07540464973449706
2.379,2.307409,0.07159095191955567
2.848,3.7808788,-0.932878782272339
1.648,1.4318141,0.21618592548370352
2.0,1.5996078,0.40039217472076416
0.778,0.75347894,0.0245210556983948
1.86,1.9069363,-0.04693628787994375
1.697,1.4761375,0.2208624811172486
4.188,2.8387768,1.3492231731414792
0.733,1.0795939,-0.34659389686584474
0.87,1.0255622,-0.15556216716766358
1.682,1.8953696,-0.2133696489334107
1.543,1.5405675,0.002432482719421314
2.25,3.2456555,-0.9956555366516113
3.33,2.8873582,0.4426418113708497
2.259,2.2439077,0.015092309951782124
1.381,1.5223334,-0.14133338356018066
1.127,1.0571179,0.06988206100463867
2.316,2.3143332,0.0016667995452879225
4.191,2.790554,1.4004459533691405
2.211,2.187916,0.023083959579467628
1.554,1.7468724,-0.19287242507934566
1.517,1.5729917,-0.055991728782653905
2.489,2.3826687,0.10633126640319812
1.532,1.2489561,0.2830439157485962
1.265,1.3060509,-0.04105089664459238
2.4,2.5280051,-0.12800512313842782
1.861,1.9166702,-0.05567020320892335
5.00001,4.1638656,0.8361444337463375
1.816,1.6973144,0.11868561840057379
1.781,2.3903275,-0.6093274536132813
0.692,0.75437903,-0.06237903404235845
0.668,0.733852,-0.06585202884674068
5.00001,4.9974165,0.0025935037231441527
1.813,2.438502,-0.6255020732879639
3.964,4.4108467,-0.44684671020507816
1.875,2.1574802,-0.28248023986816406
2.979,2.6654572,0.31354275131225595
3.454,4.04409,-0.5900897941589354
2.451,2.548626,-0.09762594604492181
1.055,1.0617816,-0.006781644821167054
1.011,0.6903028,0.3206972107887267
1.417,2.2148085,-0.7978084640502929
4.309,3.931687,0.37731288337707536
2.863,2.5782452,0.2847548370361328
1.13,0.9344982,0.19550180912017812
4.667,4.2843766,0.3826233787536619
1.686,1.7500837,-0.0640836849212647
3.605,3.1523256,0.4526743698120117
2.564,2.431402,0.13259803199768072
1.139,1.6341043,-0.49510425186157225
3.504,4.289544,-0.7855441055297852
2.091,2.2371151,-0.14611514472961407
1.315,1.955696,-0.6406959867477418
2.167,2.5287616,-0.3617616252899172
1.013,1.0592922,-0.04629219722747813
2.028,2.3289123,-0.30091225814819333
1.176,1.5293915,-0.3533915271759034
2.926,2.875053,0.05094707107543961
5.00001,5.123662,-0.12365199493408241
1.303,1.3005611,0.002438929557800229
0.924,0.67800885,0.24599114561080937
1.125,1.1583586,-0.03335857391357422
1.542,1.8696773,-0.3276773052215576
1.04,0.8863969,0.15360311508178714
1.216,2.0224276,-0.8064275588989258
2.063,1.8075144,0.25548557090759294
1.083,1.3819962,-0.2989961547851563
3.494,3.2736585,0.22034148597717307
0.833,0.7021893,0.13081067371368404
2.458,2.787779,-0.3297790927886961
0.915,2.0047238,-1.0897237873077392
5.00001,4.973813,0.02619694305419884
5.00001,3.4513586,1.548651443252563
1.905,1.6914362,0.21356382846832278
1.083,0.8933658,0.18963419961929318
0.896,1.1034188,-0.20741882705688475
5.00001,4.9015017,0.09850834442138634
0.946,1.3142662,-0.3682662048339844
0.675,3.1501536,-2.4751536369323732
1.775,2.066767,-0.29176697731018075
2.613,2.6842115,-0.07121149253845216
5.00001,2.6118553,2.388154731521606
1.684,1.9421105,-0.2581105384826661
2.453,2.6485932,-0.19559318733215347
2.4,2.9188855,-0.5188854694366456
1.565,1.1596437,0.4053563499450683
5.00001,2.7877984,2.212211595306396
2.356,2.621917,-0.2659170093536378
1.856,1.805459,0.05054097747802744
3.167,2.2982326,0.8687674446105955
1.188,0.94718915,0.24081084775924677
2.485,2.6173062,-0.1323062324523927
2.365,2.6343694,-0.269369373321533
0.946,0.9846204,-0.03862039232254033
1.768,1.6188873,0.14911269474029543
1.486,1.8195394,-0.3335394277572632
1.953,1.8990955,0.05390446472167976
2.159,2.02855,0.130450090408325
1.266,1.603645,-0.3376449670791626
1.739,2.152154,-0.41315396881103505
1.83,2.0556016,-0.22560159683227532
0.743,1.0554416,-0.31244161796569825
2.247,1.9535581,0.2934419126510619
1.016,0.97246414,0.0435358557701111
3.91,3.5321083,0.3778916931152345
2.65,1.9209888,0.7290112018585204
5.00001,4.7118535,0.2881564958190914
1.865,2.1891017,-0.3241016960144043
0.78,0.88998324,-0.10998323678970334
0.808,1.0343913,-0.22639128398895259
1.896,2.2392838,-0.34328380012512216
1.992,2.7043276,-0.7123275833129883
1.896,2.0212822,-0.12528219604492197
1.6,1.5924368,0.007563209533691495
3.753,3.5215514,0.23144862937927257
1.667,1.3677135,0.299286548614502
2.156,2.200939,-0.044938940048217635
2.286,2.0959804,0.19001959419250491
1.713,1.5380995,0.1749004726409913
4.31,4.1892123,0.12078767776489219
2.751,2.6168654,0.1341346035003661
2.768,2.9436655,-0.1756655044555666
0.463,0.5346635,-0.07166349840164182
1.44,1.311954,0.12804597854614252
0.943,0.83648545,0.10651455450057978
1.576,1.327351,0.2486490259170533
1.945,2.1171136,-0.17211359024047845
3.511,2.6609218,0.850078187942505
4.534,3.6937575,0.8402424659729002
2.246,2.2476668,-0.001666835784912113
1.556,1.7262838,-0.17028378868103022
2.42,3.7912095,-1.3712094593048096
0.7,1.0496843,-0.34968428611755376
0.713,1.0429497,-0.3299496765136719
0.668,0.9655812,-0.2975811786651611
1.531,2.304265,-0.7732650222778321
1.375,1.7424701,-0.3674701452255249
2.304,2.4424589,-0.13845886802673357
2.422,2.7577128,-0.3357128410339354
3.019,2.425818,0.5931820335388185
4.158,3.1064339,1.0515661315917972
1.565,1.6299136,-0.06491356849670415
0.786,0.86494595,-0.07894594812393185
4.414,4.024606,0.38939377212524384
1.843,2.1031954,-0.26019542884826663
2.765,3.2785237,-0.5135236835479735
2.328,1.8881458,0.43985419559478744
0.604,0.8760098,-0.2720098218917847
2.241,2.1665015,0.07449847793579112
4.39,3.2194018,1.170598163604736
1.231,0.9688895,0.2621105251312257
2.557,3.0042248,-0.44722477722167975
0.576,0.6203853,-0.04438528919219975
1.998,1.9525616,0.04543838310241699
0.513,0.4985309,0.014469105482101452
3.482,3.7222018,-0.24020182418823222
3.628,3.598586,0.02941391754150402
2.403,2.4685106,-0.065510627746582
0.736,0.67516756,0.06083243942260741
1.726,1.730529,-0.004528950691223166
2.29,2.5179298,-0.22792979240417477
1.663,1.7334232,-0.07042323303222653
0.833,1.1655284,-0.332528416633606
5.00001,4.985509,0.01450108123779259
3.329,3.0821323,0.24686766052246112
0.543,0.50398785,0.03901215124130253
2.417,2.7798557,-0.36285572814941425
3.875,3.7841024,0.0908975601196289
1.364,1.9376203,-0.5736202821731566
0.983,1.6169851,-0.6339850826263428
1.76,2.468449,-0.7084491157531738
0.63,0.6383502,-0.008350188732147212
2.369,2.2083204,0.16067962074279807
0.972,1.4952813,-0.5232813386917115
2.2,2.226403,-0.026402997970580877
1.058,0.8351338,0.22286620903015142
2.709,2.8219008,-0.11290084457397453
0.994,1.0158478,-0.021847802162170415
1.663,1.7515869,-0.08858691406249997
1.438,1.3940283,0.04397169399261469
1.406,1.2606082,0.145391803741455
3.309,3.0236797,0.285320266723633
1.569,2.1743112,-0.6053111610412598
5.00001,4.3834133,0.6165966851806637
1.625,1.4615552,0.16344475746154785
1.248,1.460356,-0.2123559970855713
2.161,1.714971,0.44602905368804935
1.714,1.6974188,0.016581191062927214
3.256,3.4854064,-0.22940639877319358
1.098,1.0639005,0.03409952926635751
2.762,2.5474756,0.21452442359924317
1.299,1.5202665,-0.2212665328979493
2.923,2.7199948,0.20300521659851078
3.415,3.2277403,0.18725971221923832
0.668,0.6952983,-0.02729831409454342
2.388,2.0814877,0.30651234436035146
0.774,1.1342949,-0.36029486751556394
0.824,0.87029696,-0.04629695510864262
3.599,3.8477666,-0.24876663780212382
4.657,4.800534,-0.14353377151489255
2.14,2.4141908,-0.2741907691955565
1.071,0.9976259,0.07337411260604854
1.578,1.8272946,-0.2492945880889892
1.193,1.5265808,-0.33358081054687494
2.329,2.4202294,-0.09122943496704083
1.795,2.0667877,-0.27178771972656257
0.701,0.7149465,-0.013946508407592817
0.55,2.6873498,-2.137349796295166
0.659,0.69817126,-0.039171257972717255
0.996,0.95517904,0.04082096433639526
5.00001,4.9837465,0.01626347137451134
1.641,2.1241302,-0.4831302490234375
0.77,0.9830377,-0.21303771018981932
1.403,1.3866752,0.01632476139068606
1.729,1.5637296,0.16527035617828378
5.00001,3.4702191,1.5297908647155758
3.143,2.8828228,0.2601772480010984
5.00001,4.1995335,0.8004765374755856
5.00001,5.102544,-0.10253383087158241
1.43,1.4692003,-0.03920025348663336
2.806,2.9848323,-0.17883228683471675
3.75,3.7880402,-0.0380401611328125
1.375,2.1066952,-0.7316951751708984
3.371,3.1888244,0.18217558479309082
1.28,1.5513804,-0.2713803958892822
1.854,2.07162,-0.21761998748779288
0.63,0.63432944,-0.004329438209533687
1.095,1.3973806,-0.3023805904388428
4.0,1.9934169,2.006583094596863
1.519,2.544313,-1.0253129539489747
0.563,0.69511586,-0.13211586427688604
1.025,0.9368716,0.08812841176986685
2.25,3.153029,-0.9030289649963379
1.455,1.8869272,-0.43192724704742425
3.631,2.6823778,0.9486221847534178
2.49,1.8230976,0.6669024133682253
4.153,3.6527226,0.5002774028778072
2.674,2.1304348,0.5435652484893798
0.75,0.86489004,-0.11489003896713257
2.5,2.5088809,-0.008880853652954102
1.618,1.4217417,0.19625827598571788
0.975,0.87837577,0.09662423133850095
1.115,1.4278848,-0.3128848171234131
0.873,0.89002717,-0.017027165412902834
2.729,3.229842,-0.5008419475555419
1.244,1.2033122,0.04068784141540527
2.287,3.4706826,-1.1836826210021973
2.295,2.2142475,0.08075253486633294
1.625,1.5248289,0.10017108917236328
0.8,1.3938867,-0.5938866853713989
1.188,1.2343286,-0.0463286275863648
2.442,3.207943,-0.7659429626464842
1.875,1.8176714,0.05732858180999756
2.46,2.197844,0.2621559715270996
1.026,1.1301435,-0.10414352321624754
1.167,0.90692127,0.2600787324905396
1.375,1.9021634,-0.5271633863449097
1.719,2.772826,-1.0538259563446044
1.031,1.2632709,-0.23227085494995126
2.391,2.2785943,0.11240574455261232
1.94,2.2143145,-0.2743144607543946
2.199,2.289186,-0.09018600082397477
3.8,4.6154895,-0.8154894828796388
1.557,1.5865778,-0.029577773094177306
0.899,0.8168653,0.08213467502593996
0.893,1.3213388,-0.42833877277374266
0.55,0.7009885,-0.15098847150802608
0.498,0.4857092,0.012290809631347654
1.464,1.5934627,-0.12946270561218265
2.78,2.845526,-0.06552597999572773
2.887,3.094132,-0.2071319465637207
1.292,1.6113102,-0.31931024360656735
2.216,2.3606296,-0.14462955856323223
0.856,1.7326388,-0.8766388359069824
1.604,1.4915878,0.11241224193573007
0.576,0.7968332,-0.2208332171440125
3.485,3.4662237,0.018776283264160032
1.994,2.463097,-0.46909709548950196
0.971,1.1392311,-0.16823108577728274
0.581,0.6371803,-0.056180328369140664
3.01,3.07367,-0.06366991043090842
0.742,1.1401825,-0.3981824951171875
2.494,3.649856,-1.155856090545654
2.67,2.909246,-0.2392459678649903
1.199,1.2052811,-0.006281138420104915
0.777,0.61920595,0.1577940483093262
1.434,1.1702688,0.26373122596740717
0.612,0.7808928,-0.1688927893638611
2.068,1.8046769,0.2633231096267701
3.282,2.3166175,0.965382511138916
3.606,3.2241182,0.3818817672729491
1.078,1.1417319,-0.06373185825347893
0.515,0.4515987,0.06340129613876344
0.675,1.1030136,-0.4280136346817016
1.841,1.4856179,0.3553821239471435
2.0,1.3644516,0.6355483531951904
3.54,2.7454834,0.7945166015625
3.938,3.5703588,0.36764124679565446
1.321,1.3876189,-0.066618899345398
3.065,2.884189,0.18081110954284663
1.349,1.1441326,0.2048673858642578
3.193,3.4010854,-0.2080853767395019
3.039,2.9119494,0.1270506038665773
3.5,1.4634235,2.036576509475708
2.312,2.6072814,-0.29528144645690935
1.313,1.4118159,-0.09881588172912603
1.208,1.3428085,-0.13480848503112797
1.352,1.1078691,0.24413085174560556
0.689,0.84825754,-0.1592575416564942
4.25,2.525249,1.7247509956359863
1.605,1.6225822,-0.017582197189331072
1.51,1.6140493,-0.10404931545257567
3.495,4.3973465,-0.9023464965820311
0.602,0.5640615,0.037938477516174296
3.964,3.5802715,0.3837285175323486
2.785,3.3776414,-0.5926414394378661
2.393,1.546478,0.8465219669342039
2.249,2.519034,-0.27003390884399403
0.913,1.1399198,-0.22691975784301754
1.114,1.3225523,-0.20855232334136953
1.508,1.2513031,0.2566969232559204
0.647,0.5150962,0.13190381240844729
3.588,3.2556806,0.33231943893432625
2.328,1.8216727,0.5063273220062254
0.544,0.6556433,-0.11164328432083126
0.982,1.0227972,-0.04079722690582277
2.258,2.1149433,0.14305673408508301
1.161,1.3899735,-0.22897352123260495
1.964,2.4383817,-0.4743816719055176
1.232,0.73756355,0.49443644952774046
1.564,2.4236755,-0.8596755371093749
1.668,1.828212,-0.16021202278137214
2.159,2.2219045,-0.06290451622009297
1.173,1.4621593,-0.2891592760086059
2.432,1.7654932,0.6665068454742431
0.729,0.8254649,-0.09646490430831911
1.917,2.1236794,-0.2066793994903564
0.6,3.5306091,-2.930609130859375
1.954,1.8464155,0.10758448028564449
1.116,1.4816386,-0.3656385507583617
2.685,2.3585677,0.32643228530883794
2.6,2.6111596,-0.011159563064575106
0.894,1.1051121,-0.21111207580566405
2.352,3.0003853,-0.6483852844238283
3.861,3.2417426,0.6192573890686037
1.875,1.539934,0.33506596088409424
2.234,2.3641582,-0.13015815353393556
1.203,1.5062875,-0.3032874555587768
1.358,1.2385229,0.11947711277008066
3.074,2.7618387,0.31216132545471176
3.268,2.4323542,0.8356457881927488
0.703,1.1615078,-0.4585078449249268
0.682,0.8199554,-0.13795540857315058
1.146,1.1504407,-0.0044406929016114205
1.772,2.1927354,-0.4207354335784912
0.819,1.1277566,-0.3087565956115723
0.906,1.1500807,-0.24408068084716794
0.568,0.61898994,-0.05098994445800786
3.238,3.109953,0.1280470733642578
2.444,1.3545691,1.0894309225082397
1.443,1.5375425,-0.09454246234893793
1.642,1.5480552,0.09394482803344717
2.376,2.5350518,-0.15905182266235363
2.43,2.2871544,0.14284556388854996
0.833,0.9916884,-0.15868837070465092
0.875,1.4804568,-0.6054568290710449
1.317,1.2001489,0.1168510599136352
0.47,0.7351131,-0.2651130843162537
1.953,1.9648465,-0.011846491813659599
1.841,2.2173803,-0.37638028526306155
1.288,1.0954165,0.1925834541320801
1.182,1.1553364,0.026663619995117127
2.128,1.9164493,0.21155069160461437
1.413,1.2576295,0.15537048625946048
2.271,2.0919657,0.179034324645996
0.808,1.7766273,-0.9686273021697998
2.013,2.067532,-0.05453206253051768
1.833,1.9380602,-0.10506016445159916
1.55,1.5736806,-0.02368063926696773
1.438,1.7481388,-0.3101387853622437
1.375,2.3929317,-1.0179316997528076
2.801,2.0966184,0.7043815860748293
2.459,2.673953,-0.21495305633544914
2.436,2.697889,-0.26188908958435064
1.03,1.4005667,-0.3705666971206665
1.038,0.9258945,0.11210550117492679
2.359,2.152699,0.20630100631713866
1.619,1.7031308,-0.084130841255188
3.944,4.14442,-0.20042014694213872
1.458,0.95244557,0.5055544333457946
1.848,1.5891552,0.2588448028564454
2.423,2.32681,0.09619011688232426
3.355,2.3129916,1.0420083808898926
1.655,1.2258211,0.42917886257171634
2.048,2.9936001,-0.9456001300811767
1.597,1.410162,0.18683802795410154
1.691,1.5705696,0.12043036556243902
4.786,2.566433,2.21956704711914
2.589,2.1934733,0.3955266609191894
3.24,3.1152947,0.12470530509948752
1.031,1.0699486,-0.03894855403900155
1.381,2.0200963,-0.6390963020324707
0.916,1.1715066,-0.25550664329528805
2.289,2.810908,-0.5219080791473387
1.388,1.4208668,-0.03286684703826914
2.522,2.438189,0.08381097030639628
4.203,4.590141,-0.38714081954956026
2.436,2.2808938,0.15510619735717768
1.421,1.5992891,-0.178289059638977
0.675,0.87113845,-0.1961384534835815
0.928,1.1599174,-0.2319173545837402
1.908,2.4214625,-0.5134625358581544
2.239,2.0338678,0.20513216400146472
1.434,1.680119,-0.2461190376281739
1.327,1.171356,0.15564403724670406
0.99,0.98657113,0.0034288668632507235
0.677,0.7371779,-0.0601779084205627
2.274,2.650938,-0.37693803405761717
2.286,2.4970767,-0.2110767498016357
1.358,1.389023,-0.031022946357726955
3.621,3.696186,-0.07518606567382813
2.813,3.2123878,-0.39938780021667464
5.00001,5.049702,-0.04969216751098671
0.906,1.2376337,-0.33163370513916013
0.663,0.93042564,-0.2674256439208984
1.502,1.3757759,0.12622406673431397
1.703,1.5724486,0.13055138874053962
0.993,1.0332454,-0.040245444297790534
3.229,4.1650214,-0.9360214195251464
2.132,1.5712516,0.5607483692169191
2.17,2.3785279,-0.2085278797149659
2.679,2.025181,0.6538189449310301
2.063,2.3343804,-0.27138038825988753
3.768,3.0698595,0.6981404953002928
0.875,0.89988184,-0.024881839752197266
3.047,2.6035106,0.4434893817901613
4.602,3.617287,0.984713079452515
1.285,1.1405513,0.1444486713409423
2.846,3.8348196,-0.9888195552825927
1.196,1.461197,-0.2651970186233521
2.086,2.0164495,0.06955054855346665
1.175,2.4152584,-1.2402584075927734
0.669,0.5697342,0.09926578426361088
2.048,1.7050446,0.3429553728103638
0.746,1.1012135,-0.3552134552001953
1.091,1.084467,0.0065329465866088565
1.143,1.4920897,-0.34908974838256834
3.083,2.9253657,0.1576343135833742
1.13,1.1222842,0.007715826034545792
0.917,0.5593633,0.35763669443130497
1.342,1.1580198,0.18398021888732918
4.25,3.9022899,0.34771013259887695
0.539,0.55874914,-0.01974913930892941
3.106,2.239491,0.8665090141296385
2.417,3.9937036,-1.576703603744507
2.268,2.2772639,-0.009263879776001183
1.008,1.0036738,0.0043262081146240305
2.38,2.2041678,0.17583215713500966
2.455,2.2855685,0.16943152427673347
1.565,1.6568604,-0.09186035156250005
1.156,1.5495967,-0.39359666728973397
0.664,0.66337377,0.0006262316703796733
0.588,0.5477995,0.04020047235488888
2.236,2.0808501,0.15514987564086935
1.693,1.7213964,-0.028396446228027283
1.667,1.4433156,0.22368437480926517
2.25,2.417635,-0.1676349639892578
0.726,0.8109613,-0.08496130609512331
1.603,1.6220355,-0.01903550338745119
1.475,1.138307,0.33669302463531503
0.912,1.754283,-0.8422829513549804
2.083,1.2414255,0.8415744857788088
3.353,3.7340527,-0.3810526580810545
0.58,0.8957473,-0.31574730396270756
2.265,2.1982472,0.06675280570983899
3.452,3.9722054,-0.520205400466919
1.068,0.8844107,0.1835893206596375
5.00001,2.285321,2.7146890027618404
2.75,2.9836156,-0.23361563682556152
0.958,1.1330167,-0.17501670551300053
0.972,1.3774137,-0.40541374969482424
1.55,1.34819,0.2018100500106812
4.0,3.618599,0.38140106201171875
5.00001,3.0825999,1.9174101216888424
3.043,2.7161076,0.32689239311218277
3.592,3.626458,-0.03445792961120597
1.447,1.5033157,-0.056315687179565366
3.528,3.5489244,-0.020924446105957006
3.556,3.039715,0.5162849483489991
0.991,1.2156625,-0.22466247940063477
2.504,2.3185704,0.18542962455749512
1.056,0.94409555,0.1119044480323792
5.00001,4.9190907,0.08091925216674767
1.62,1.8284509,-0.20845091819763173
2.722,2.9107695,-0.18876946258544924
2.459,2.9118936,-0.452893606185913
1.833,1.9872615,-0.15426153373718265
2.207,2.813947,-0.6069469623565675
1.61,1.6945521,-0.08455206394195547
3.039,3.172214,-0.13321403121948228
2.662,2.3439915,0.31800848197937004
0.901,0.8907026,0.010297394752502464
0.875,1.3192161,-0.44421613216400146
2.094,1.6553804,0.4386196317672728
1.887,2.107595,-0.22059496688842772
1.014,1.136555,-0.12255495643615721
3.875,3.6528802,0.22211980819702148
3.591,3.200511,0.3904890213012697
3.273,3.4383094,-0.16530943107604967
2.792,2.7554653,0.0365347309112547
2.336,2.2877083,0.04829171752929673
1.635,2.2195818,-0.5845818424224853
1.242,1.7621404,-0.5201403932571411
4.5,4.3729577,0.12704229354858398
1.119,1.1394577,-0.020457702636718755
0.908,1.0599651,-0.15196513366699216
1.206,1.3815391,-0.1755391063690186
4.838,4.4839206,0.35407942581176766
3.667,3.9405012,-0.27350121307373065
2.01,1.9492409,0.06075907707214334
3.336,3.2317667,0.10423329925537095
3.625,1.8987955,1.726204514503479
1.701,1.6553108,0.04568924999237067
2.467,2.433278,0.03372191619873055
1.612,1.6711804,-0.0591803674697875
1.47,1.346589,0.12341103076934812
1.179,1.553266,-0.37426604843139644
1.113,1.128596,-0.015595948219299327
2.665,2.5312545,0.1337454700469971
1.135,1.1537577,-0.018757691383361808
3.291,3.7054682,-0.41446817779541023
5.00001,4.8348475,0.16516254974365197
2.365,1.8161986,0.5488014125823977
1.222,1.0700564,0.15194356155395505
0.819,0.91872126,-0.09972125864028936
3.864,3.6925557,0.17144433403015125
1.848,1.8345599,0.013440082550048915
1.607,1.9395609,-0.3325608901977539
1.016,1.0901597,-0.07415965461730956
4.24,4.6236935,-0.3836934661865232
2.625,2.3330863,0.2919137477874756
3.694,3.358458,0.33554195785522456
1.151,1.6142123,-0.4632122745513916
2.817,2.0968733,0.7201267166137697
0.981,1.323001,-0.3420010271072388
1.311,1.4385581,-0.1275581016540528
2.518,2.1567528,0.3612471752166746
2.327,2.187203,0.1397970695495605
1.392,1.372493,0.019506971359252834
0.715,1.0068194,-0.2918193674087525
3.405,3.2901518,0.11484816551208477
2.708,2.4693332,0.23866682815551776
1.556,1.8564558,-0.3004558029174804
0.892,0.607272,0.28472797107696535
1.67,1.6798782,-0.009878234863281321
1.031,0.9468429,0.08415709114074699
1.805,1.746734,0.05826597690582269
0.512,0.9275554,-0.4155553822517395
2.046,1.9240277,0.12197231864929181
3.872,1.9982092,1.8737907619476317
1.625,1.2680721,0.35692787170410156
1.204,1.4338926,-0.22989260768890385
1.397,1.6318551,-0.23485513019561766
0.982,0.8445032,0.13749677610397337
2.694,2.645015,0.04898499870300288
2.691,2.7726007,-0.08160065078735368
5.00001,3.4483256,1.551684365997314
0.496,0.6982127,-0.20221268320083619
0.58,0.8068815,-0.2268814873695374
0.659,0.6995889,-0.040588894844055146
1.754,1.8488184,-0.09481842136383056
3.918,3.574297,0.34370304870605484
2.808,2.8787172,-0.07071718406677263
0.907,1.7563269,-0.8493269138336181
5.00001,5.090523,-0.09051276611328163
0.923,1.1388248,-0.2158248205184936
2.271,2.2743473,-0.003347305297851655
1.625,1.5839682,0.041031837463378906
2.909,2.8837254,0.025274595260619925
1.831,1.7936617,0.03733828639984127
2.832,3.1154666,-0.28346659469604507
1.774,2.9343212,-1.1603211650848388
2.387,2.7063832,-0.31938322830200194
3.213,3.1672559,0.04574412155151375
2.615,3.2023678,-0.5873677825927732
0.993,1.2844585,-0.2914585180282593
2.261,2.2058294,0.0551706180572511
0.517,0.44361892,0.07338107657432558
1.569,1.4248074,0.14419257068634028
1.609,1.5890363,0.019963654518127427
2.224,2.8982286,-0.6742286453247068
3.052,3.1100035,-0.05800347137451167
1.388,1.4030731,-0.01507307243347178
2.307,2.438868,-0.13186804580688483
0.943,0.9657826,-0.02278258275985723
0.972,0.9323392,0.0396608085632324
3.821,3.635949,0.18505110359191912
1.932,2.202144,-0.27014390754699713
2.095,2.1495795,-0.05457952499389629
2.314,1.7474265,0.5665734901428223
0.893,1.2203538,-0.3273538417816162
1.961,2.1472626,-0.18626257324218742
1.135,1.0221282,0.11287177562713624
1.784,2.4703255,-0.6863254699707031
4.065,3.8692722,0.19572776794433633
2.282,2.0127974,0.26920264434814456
2.348,2.4254472,-0.07744722557067885
2.313,1.9022865,0.41071347045898454
5.00001,4.661924,0.33808611465454064
1.841,1.9702103,-0.1292103137969971
2.137,2.3264797,-0.1894796733856201
5.00001,4.870823,0.129187093505859
1.692,2.1025152,-0.4105152206420899
2.324,2.412912,-0.08891189193725602
3.517,4.3366365,-0.8196365432739259
2.346,2.061907,0.28409294700622567
1.125,2.9688494,-1.8438494205474854
1.452,1.5823659,-0.13036587047576909
0.872,0.9825474,-0.11054740238189698
0.535,0.9987444,-0.46374442815780637
0.438,0.5729902,-0.13499017906188965
0.942,0.858509,0.0834909958839416
2.188,1.6207995,0.5672004585266115
1.919,1.8488903,0.07010969543457035
1.322,2.510758,-1.1887579231262206
0.468,0.4863759,-0.01837589812278745
1.497,1.937282,-0.4402819662094115
1.263,1.3477716,-0.08477164459228526
2.559,2.4491875,0.10981248283386247
0.945,1.0247624,-0.07976239204406743
2.371,2.140231,0.23076910591125488
5.00001,5.027091,-0.027081026306152722
0.875,1.1921331,-0.3171330690383911
1.266,1.1381795,0.12782045936584474
2.451,2.4158514,0.035148645401001044
1.574,2.1056483,-0.5316482791900634
0.784,0.7766012,0.007398804664611847
2.181,1.9485742,0.23242581462860112
3.5,2.2672458,1.2327542304992676
1.984,1.9595437,0.02445629501342772
1.439,1.4564695,-0.017469535827636662
3.379,3.946378,-0.5673779926300049
0.763,1.0391326,-0.27613259506225585
1.601,1.8548713,-0.2538712730407715
1.306,1.4176453,-0.11164533519744868
1.125,1.2082418,-0.08324182033538818
3.292,2.4885125,0.8034874839782713
2.333,2.0425704,0.2904296474456789
0.992,1.1325375,-0.14053748416900635
1.979,1.9227732,0.056226758003234956
2.041,2.3120575,-0.2710574951171876
3.5,3.6193242,-0.1193242073059082
0.621,0.6056837,0.015316315650939938
1.404,1.649677,-0.2456770381927491
1.521,2.3802602,-0.8592602291107179
1.305,0.8883074,0.41669260740280145
1.951,2.2583497,-0.30734965705871575
1.995,2.2613173,-0.26631725311279286
1.375,1.0789937,0.29600632190704346
2.75,2.3104436,0.439556360244751
1.229,1.3930609,-0.16406092262268057
1.09,1.4221143,-0.33211425304412834
1.217,1.0354533,0.18154668045043953
3.02,3.0910401,-0.07104013442993162
2.417,2.1371453,0.2798547191619871
1.532,1.6608285,-0.12882847118377683
1.693,2.4679327,-0.7749327011108398
3.585,4.267039,-0.6820388221740723
1.75,1.5872612,0.16273880004882812
1.125,1.2824768,-0.1574767827987671
3.76,4.367488,-0.6074879074096682
1.188,1.0633099,0.12469009208679194
4.01,3.9099832,0.10001684188842752
1.079,1.0417928,0.037207249641418416
3.397,3.3475738,0.04942624282836894
1.58,1.6166235,-0.03662352085113518
4.688,3.7023833,0.9856167201995847
0.631,0.64446044,-0.01346043968200683
1.846,1.913291,-0.06729097747802726
1.897,2.4854705,-0.5884705333709717
1.909,2.2230449,-0.3140448722839355
0.675,1.3980093,-0.7230093002319335
0.853,1.1211454,-0.2681453676223755
1.736,1.7447758,-0.008775772094726575
1.297,1.0786583,0.21834165763854974
1.81,2.5413957,-0.7313956642150878
5.00001,4.663585,0.33642481399536095
3.762,4.0286474,-0.26664742279052733
2.43,2.4994128,-0.06941277503967269
1.482,1.4281058,0.05389416885375975
2.381,2.5426366,-0.16163663291931174
4.5,3.8449225,0.6550774574279785
2.4,2.435094,-0.03509411811828622
5.00001,2.869314,2.130696044692993
2.741,2.8246827,-0.08368271255493154
1.901,2.1732688,-0.2722687950134277
2.684,2.6750436,0.008956417083740398
3.493,2.5173266,0.975673406600952
2.757,3.009533,-0.25253292846679676
1.828,1.8570316,-0.029031583786010673
5.00001,4.7097583,0.29025171829223595
2.132,2.3768847,-0.24488469886779773
1.795,1.9327155,-0.13771553516387947
1.385,1.5399287,-0.15492867469787597
1.813,1.7416345,0.07136551189422602
3.405,3.7474663,-0.3424663257598879
2.25,2.1163166,0.133683443069458
0.683,1.0340462,-0.3510461730957031
2.379,2.5708826,-0.19188255882263183
1.497,1.5835844,-0.08658442783355702
1.258,1.4828609,-0.22486092281341552
0.876,1.5409082,-0.6649082174301147
1.25,1.4188792,-0.16887915134429932
1.688,1.3238653,0.364134705543518
1.35,1.4569118,-0.10691180229187003
0.863,1.0302958,-0.16729584884643556
0.649,1.0089389,-0.3599389085769653
1.063,2.6891263,-1.6261262531280518
2.857,2.9055557,-0.048555725097656044
2.724,2.5753222,0.14867784881591817
2.177,2.416274,-0.23927407073974605
0.918,1.1025767,-0.184576732635498
1.63,1.6726469,-0.042646880149841415
1.951,2.0304527,-0.07945272827148431
0.325,1.0773467,-0.752346682548523
2.753,1.7403989,1.01260111618042
1.369,1.4982104,-0.12921043014526368
1.941,1.6701996,0.27080036735534674
2.302,2.6413486,-0.3393486003875732
1.436,1.4526165,-0.016616453170776424
0.396,0.58939606,-0.19339605951309202
0.598,0.76089925,-0.16289924573898318
2.107,2.1798186,-0.07281863021850565
1.563,0.9569432,0.6060567860603332
2.156,2.1772823,-0.0212823333740233
1.775,1.7835394,-0.008539414405822843
2.189,2.5759327,-0.3869327411651611
1.284,1.2169057,0.06709428691864017
1.906,1.8156269,0.09037314033508292
3.983,4.3629484,-0.3799484176635741
3.671,2.04081,1.6301898918151854
1.225,1.4809285,-0.2559285402297973
3.761,1.7967387,1.9642612562179567
1.576,1.5472002,0.028799797058105536
1.781,1.8028234,-0.021823424339294517
0.724,0.799225,-0.07522497272491457
2.876,2.4951947,0.3808053264617919
1.75,1.4980577,0.2519422769546509
2.808,2.098985,0.7090150432586668
1.605,1.7676768,-0.16267683029174806
1.586,1.4297584,0.15624157047271736
1.443,1.8481869,-0.40518685054779047
1.363,1.5129348,-0.14993480396270753
2.182,2.1728208,0.009179193496704041
4.664,4.3363276,0.32767244720458955
3.861,4.6041117,-0.7431116714477537
2.512,2.4116666,0.10033336830139161
1.904,1.677544,0.2264560022354125
2.231,2.4440014,-0.21300143623352064
3.61,2.6467528,0.9632471656799315
2.75,1.4907519,1.25924813747406
0.708,1.1810632,-0.47306317520141605
4.6,3.2741435,1.32585654258728
0.675,1.0063446,-0.33134455680847164
2.25,1.2332481,1.0167518854141235
1.761,1.7888709,-0.027870930671691996
0.524,0.43028188,0.09371812248229983
1.676,1.7758313,-0.0998313417434693
0.997,1.2763528,-0.27935276317596436
0.889,1.0534692,-0.164469181060791
2.237,2.1977558,0.03924418640136729
1.805,1.9163058,-0.11130578041076666
0.932,1.153845,-0.22184495258331294
1.738,1.590343,0.14765700149536132
4.908,4.6999674,0.20803261566162146
1.042,1.1043829,-0.062382872581481896
2.761,2.3875022,0.3734978065490724
2.547,2.6962707,-0.14927070426940903
2.123,2.2058403,-0.08284034919738748
0.875,0.9761797,-0.10117971897125244
0.942,0.8504429,0.09155711364746089
1.635,2.1285768,-0.49357675552368163
5.00001,3.190092,1.8099179132080074
1.25,1.9652474,-0.715247392654419
1.823,1.9722817,-0.1492816944122315
1.117,1.4237492,-0.3067492084503174
1.46,1.7820363,-0.322036304473877
5.00001,4.677059,0.32295082641601525
3.205,2.6292737,0.5757263469696046
0.48,0.49517202,-0.015172023773193377
1.688,2.0405538,-0.35255380821228033
0.675,0.7202333,-0.04523332118988033
1.731,1.5764825,0.15451746559143076
1.5,0.9427342,0.5572658181190491
3.292,3.3453898,-0.05338984298706073
1.41,1.4736121,-0.06361207008361824
3.78,3.871248,-0.0912480068206789
0.802,0.55614567,0.2458543319702149
2.033,2.2998016,-0.26680158805847176
3.949,3.9508603,-0.0018602619171144141
0.845,0.8453886,-0.0003885912895202903
3.273,3.5061796,-0.23317957115173327
2.012,2.2717261,-0.259726131439209
1.625,2.5107446,-0.885744571685791
2.66,2.9777536,-0.31775363922119126
2.212,2.1475365,0.06446348381042499
1.765,1.8850654,-0.12006543636322031
2.063,1.9353203,0.1276797418594362
5.00001,4.2863703,0.7136397225952145
1.867,2.2163374,-0.3493374423980713
1.125,2.2846544,-1.1596543788909912
0.905,0.73764753,0.16735246658325198
1.908,1.9403303,-0.03233026695251473
1.988,1.3006419,0.6873581056594849
1.656,1.9667889,-0.3107888879776002
5.00001,4.6284113,0.37159870697021447
1.457,1.7196759,-0.26267589855194085
0.913,1.0624579,-0.14945791912078854
1.404,1.5711716,-0.16717164134979257
1.917,2.1771226,-0.26012259292602535
0.611,0.6920501,-0.08105009937286378
1.53,1.2780955,0.2519045162200928
0.855,0.7900356,0.06496439456939695
1.645,1.6996139,-0.05461392879486082
3.862,3.9602053,-0.098205316543579
3.413,3.353652,0.05934799957275372
2.464,2.3542957,0.10970426940917966
1.218,1.3671911,-0.14919107627868655
1.325,1.5968127,-0.2718127250671387
0.98,1.1726329,-0.19263293266296388
2.414,1.857151,0.5568489685058595
1.713,1.6672223,0.04577773857116707
1.201,1.4015186,-0.20051858329772942
5.00001,5.078264,-0.07825423645019569
1.927,1.9457,-0.018700049400329544
2.328,2.0137079,0.3142921237945555
1.918,2.1016004,-0.18360040855407722
1.963,1.9799232,-0.016923248291015547
2.939,3.2260427,-0.28704274749755854
0.846,0.98600304,-0.14000304126739505
5.00001,5.216105,-0.21609498428344764
5.00001,4.632577,0.36743305755615197
1.073,1.3427174,-0.2697174091339112
1.5,2.0002708,-0.5002708435058594
2.042,1.8836786,0.1583214445114134
2.683,2.833997,-0.15099701118469255
1.035,0.9027835,0.1322164869308471
1.615,1.3958436,0.21915637493133544
2.224,2.0189087,0.20509126091003438
1.669,1.5598625,0.10913750553131107
2.292,2.4482121,-0.1562121467590334
2.059,1.7949454,0.26405464076995866
0.955,0.61309284,0.34190716028213497
1.625,1.6853434,-0.060343384742736816
2.407,2.5364335,-0.12943345832824704
0.828,1.1527169,-0.324716875076294
2.302,1.4530895,0.8489105243682862
1.859,1.7304907,0.12850931549072264
1.058,1.4178237,-0.35982367229461665
1.188,1.6531658,-0.46516581726074224
1.944,1.9246415,0.01935851001739497
1.833,1.6315993,0.20140069293975826
2.925,1.799973,1.1250269889831541
1.442,1.5478714,-0.10587135124206548
5.00001,3.702926,1.2970840795135494
1.342,1.8778305,-0.5358305053710937
0.528,0.4704123,0.057587686061859156
1.887,1.8039494,0.08305064392089845
2.04,2.1381087,-0.09810873031616207
1.795,1.7637659,0.031234068870544363
0.989,1.0421541,-0.05315407371520997
2.799,2.4154098,0.383590196609497
3.277,3.0885017,0.18849830818176283
2.08,1.9367629,0.14323707103729255
2.083,1.9637951,0.11920493412017841
1.125,2.2462978,-1.121297836303711
2.347,2.8864284,-0.5394283561706543
2.145,1.9324104,0.21258964061737062
3.385,3.610978,-0.22597788810730002
5.00001,5.095619,-0.09560920166015663
2.841,3.3288755,-0.4878755416870115
5.00001,4.3261075,0.673902498016357
1.813,1.8097326,0.0032674436569213317
1.25,1.3262566,-0.0762566328048706
4.125,3.0132294,1.1117706298828125
1.125,0.9186455,0.20635449886322021
0.903,0.6107505,0.29224950361251834
0.96,1.2529815,-0.2929815435409546
1.425,1.766655,-0.3416549682617187
2.663,2.9033108,-0.24031077575683613
1.65,1.5017918,0.14820816516876212
1.18,1.3314632,-0.1514632177352906
1.564,1.7395105,-0.1755105361938476
4.268,4.8624787,-0.5944787330627443
3.086,2.8327737,0.2532263145446776
2.392,1.3272612,1.0647387905120849
1.094,1.1006148,-0.006614786148071206
0.666,0.71800023,-0.052000233173370325
3.685,3.4646485,0.22035151481628423
3.305,3.1281748,0.17682521820068375
2.736,2.7695942,-0.0335941925048826
5.00001,4.985912,0.01409815383911095
3.211,3.96858,-0.7575800075531007
2.426,2.0241175,0.4018825302124025
2.319,2.791536,-0.47253609275817876
1.514,1.7136111,-0.1996111259460449
2.278,2.134732,0.14326799201965335
3.8,3.71813,0.08186988830566388
0.952,1.663972,-0.711972020149231
1.939,1.7366472,0.20235275173187262
2.607,1.9248863,0.6821136541366579
1.91,1.4779491,0.43205085754394523
0.649,0.75737536,-0.10837535953521726
1.283,1.4367635,-0.15376352500915536
1.898,3.194215,-1.2962150592803956
1.833,1.6989422,0.13405781555175778
1.518,1.1578784,0.36012160110473634
2.573,2.087121,0.4858789901733398
1.375,0.8569196,0.5180804133415222
1.25,0.9740505,0.27594947814941406
2.181,1.6215041,0.5594959316253663
1.681,1.6671437,0.013856297492981007
2.318,1.6340092,0.6839907579421998
1.49,1.0301299,0.45987009048461913
1.703,2.17508,-0.47208006095886224
3.913,2.6789331,1.2340668563842772
2.823,3.5303974,-0.7073974151611329
5.00001,5.0209084,-0.020898355712891004
1.354,1.4860878,-0.13208779907226553
3.284,2.9285898,0.3554101791381834
3.5,1.8595698,1.640430212020874
1.823,2.1019638,-0.278963758468628
5.00001,5.1252723,-0.12526227401733436
1.92,1.67787,0.24212996482849114
2.408,2.400607,0.0073928909301756995
1.75,2.1085386,-0.3585386276245117
1.264,1.1223433,0.14165669822692872
1.259,1.2755045,-0.0165044698715211
1.947,2.312612,-0.36561205673217767
3.418,3.4297564,-0.011756402969360202
2.119,1.731533,0.38746694946289084
1.375,0.60131735,0.7736826539039612
2.706,3.3357272,-0.6297272148132325
1.723,1.7354455,-0.012445499420165929
2.621,2.076096,0.5449039421081543
1.491,1.5832391,-0.09223907852172841
3.391,2.2664304,1.124569622039795
2.486,2.2557693,0.2302307472229006
1.287,1.7622002,-0.4752002363204957
3.439,2.3566284,1.08237158203125
1.75,1.6643518,0.08564817905426025
2.875,3.1375632,-0.26256322860717773
1.436,1.4762448,-0.040244807243347225
3.462,2.868835,0.5931650276184084
2.322,2.5273647,-0.20536473083496087
2.0,1.3536035,0.6463965177536011
2.415,2.4448073,-0.029807291030883754
0.675,0.7899364,-0.11493642330169673
1.917,1.5425631,0.37443691921234135
1.783,2.1329577,-0.34995769691467293
1.782,1.7054083,0.07659166526794436
1.332,1.3177805,0.014219505310058667
2.738,2.9299154,-0.1919154281616211
1.522,1.5571477,-0.035147741317749004
1.871,1.8627712,0.00822884654998779
1.375,1.4046642,-0.029664158821105957
1.104,1.2973579,-0.19335791683197012
2.406,2.215815,0.19018493270874037
1.625,1.5039675,0.1210324764251709
0.838,1.1233773,-0.2853773231506348
2.656,2.1907918,0.46520815467834487
2.115,2.1377876,-0.02278758049011209
1.734,1.8378614,-0.10386141872406007
3.1,3.4742873,-0.3742872714996337
0.995,1.0913864,-0.09638643741607666
1.914,1.8062754,0.10772463226318352
2.201,1.792407,0.40859296417236335
1.673,1.784268,-0.11126802158355709
0.65,0.8155697,-0.16556969881057737
1.418,1.7451217,-0.327121717453003
2.906,2.9737413,-0.06774129295349107
3.192,3.8203058,-0.628305824279785
1.188,1.2502005,-0.06220051002502447
2.0,2.5237987,-0.5237987041473389
2.195,2.0892336,0.10576636314392074
2.894,2.4766526,0.41734737777709974
1.164,1.3347567,-0.1707567319869996
1.623,1.5708157,0.05218431758880615
1.141,1.1725454,-0.03154543304443358
0.713,0.84042627,-0.12742626619338993
1.905,1.802561,0.10243895530700686
1.973,1.8697559,0.1032441358566285
0.722,0.75088054,-0.02888053941726687
1.033,1.5371529,-0.5041528863906861
1.43,0.9484553,0.4815447258949279
2.449,2.198121,0.25087892913818344
5.00001,4.1055503,0.8944597108459469
1.833,1.3180789,0.514921124458313
0.861,1.4698437,-0.6088437452316284
2.184,2.440255,-0.2562549266815184
1.108,1.1134801,-0.005480091094970607
2.113,1.9488777,0.16412230777740477
3.388,3.192132,0.19586800384521474
1.231,1.3264841,-0.0954840841293334
2.695,1.508844,1.186155982017517
3.214,2.7761354,0.4378645553588867
0.819,1.1126544,-0.29365444755554204
5.00001,5.140771,-0.14076091217041053
3.046,3.6487904,-0.6027903594970705
0.729,0.9382375,-0.20923748826980593
1.58,1.4582472,0.1217528152465821
0.622,0.6153651,0.006634912014007566
1.163,1.118558,0.0444419507980347
3.141,1.4388883,1.7021116886138916
3.625,2.6941104,0.9308896064758301
5.00001,4.904995,0.09501503540039025
0.741,1.0981802,-0.3571801748275757
1.5,1.4027894,0.09721064567565918
2.7,2.516913,0.18308706283569354
1.208,1.2695093,-0.061509315490722694
2.5,1.8033222,0.6966778039932251
0.722,0.87251043,-0.1505104331970215
3.75,3.0381372,0.7118628025054932
2.396,2.6009042,-0.20490422630310068
1.833,1.9400088,-0.10700875949859623
1.612,1.8687791,-0.2567790632247924
2.51,2.2999718,0.2100281810760496
0.455,0.7708965,-0.3158964943885803
1.781,1.9295908,-0.1485908212661744
2.589,2.6396637,-0.05066369628906253
1.458,1.526798,-0.06879800987243656
0.847,0.7353169,0.11168312740325925
2.167,1.7606918,0.4063082380294798
1.304,1.207017,0.09698305511474614
1.585,1.4649034,0.12009664535522457
1.178,1.1589205,0.019079473495483334
2.15,2.0623436,0.08765640258789054
2.686,2.6914525,-0.00545250320434576
1.0,0.9937437,0.006256282329559326
3.327,4.5550103,-1.2280103187561036
1.867,1.6918647,0.1751352710723877
0.53,0.5775976,-0.04759761810302732
1.497,1.363376,0.13362397861480724
3.458,2.9848945,0.4731054859161379
1.245,1.4579575,-0.21295750617980946
4.758,4.5258512,0.2321487503051758
5.00001,4.159424,0.8405861718749996
5.00001,5.1082373,-0.10822726654052772
1.759,1.7420522,0.016947802543640034
1.833,2.4612486,-0.6282486362457276
2.531,3.22609,-0.6950899543762206
1.178,1.275925,-0.09792504024505622
1.435,1.7092254,-0.2742254161834716
5.00001,3.8324306,1.1675793988800045
1.423,1.0892901,0.33370985794067387
1.21,1.3182263,-0.10822633743286136
2.688,2.9802847,-0.2922846908569334
3.302,3.4399908,-0.13799075889587398
1.218,1.5209882,-0.3029882259368897
4.169,3.8041453,0.36485466384887655
2.667,3.2677896,-0.6007896022796633
1.894,1.8066849,0.08731514835357657
4.436,3.2537384,1.1822615966796874
1.63,1.6973324,-0.06733238220214854
3.825,3.1073678,0.7176322460174562
1.063,1.3436341,-0.2806341285705567
0.578,0.8203981,-0.2423980922698975
0.575,0.7335609,-0.15856091976165776
2.38,2.4594884,-0.07948839187622081
2.189,2.343832,-0.15483201599121088
1.186,1.1739165,0.012083540916442814
3.091,3.6899056,-0.5989056434631346
2.132,2.1702354,-0.03823539543151844
1.802,1.8510178,-0.049017832756042434
4.708,4.238985,0.46901493835449237
3.372,1.6622956,1.7097044200897216
0.953,0.96608144,-0.013081440448761028
1.039,1.2673866,-0.22838655567169197
5.00001,2.3760474,2.6239626271820065
2.15,2.2779725,-0.1279724597930909
1.894,2.0238776,-0.12987762069702158
1.714,1.9234358,-0.2094358072280884
3.57,3.3745618,0.1954382133483885
1.962,1.970703,-0.008703005790710483
0.985,1.0088649,-0.02386487960815431
1.788,1.98951,-0.20151005935668942
2.266,2.5296261,-0.26362613105773924
1.714,1.8919497,-0.1779496536254883
2.714,2.2089503,0.5050497188568115
2.168,2.4209802,-0.2529802150726317
0.679,0.9344623,-0.25546230888366694
1.713,1.5182537,0.1947463159561158
1.109,1.6952248,-0.5862247619628906
3.325,2.5590858,0.7659141540527346
1.5,1.3474113,0.15258872509002686
1.734,2.3757873,-0.6417872581481934
2.375,2.658445,-0.283444881439209
0.658,0.76423985,-0.10623984766006467
1.731,1.860922,-0.1299219789505004
3.212,3.384056,-0.17205609130859356
2.65,3.682374,-1.0323740005493165
0.875,0.9585732,-0.08357322216033936
2.103,2.144174,-0.04117409896850566
2.478,2.773212,-0.2952119560241697
3.757,4.3241096,-0.5671095542907714
1.137,1.1814972,-0.0444972162246704
5.00001,4.3317614,0.6682486398315426
0.456,0.50515,-0.04915002012252806
1.306,1.132649,0.17335105514526372
1.986,2.212104,-0.22610408210754396
4.367,4.5972366,-0.23023663330078126
0.926,1.2028706,-0.2768706073760986
1.5,1.5365705,-0.03657054901123047
3.599,2.9420547,0.656945251464844
5.00001,5.006721,-0.0067110197448734255
0.938,1.3015271,-0.3635271425247193
3.833,2.9937828,0.8392172412872316
1.917,1.4824694,0.4345305604934693
2.672,2.556649,0.1153510303497316
2.802,1.9387252,0.8632747669219971
0.521,0.5125494,0.008450599670410175
1.102,1.1104275,-0.008427498817443757
1.646,1.189048,0.45695194816589346
3.248,3.8128476,-0.5648476142883299
1.227,1.5185049,-0.2915048580169677
2.167,2.410376,-0.24337607192993183
0.736,1.0342245,-0.2982245101928711
2.541,2.5022025,0.03879748916625969
1.875,1.4297999,0.4452000856399536
1.66,1.8990924,-0.23909243583679207
1.579,1.8873776,-0.3083776197433472
1.938,1.880385,0.057614958763122504
1.408,1.224594,0.18340600299835197
0.953,0.9306886,0.022311380386352497
2.27,2.5597835,-0.2897834587097168
2.656,2.5617158,0.09428415870666518
0.902,1.191881,-0.2898809413909912
1.832,1.6976862,0.13431380462646492
1.846,1.5305558,0.3154441556930543
1.625,1.7921219,-0.16712188720703125
1.25,1.1197456,0.13025438785552979
0.972,1.2781733,-0.3061733274459839
3.553,3.1894593,0.3635406761169433
1.362,1.3678397,-0.005839694023132225
1.25,1.5885085,-0.3385084867477417
3.056,3.0961611,-0.04016112709045405
1.766,1.3782539,0.3877460632324219
3.486,3.0764573,0.40954273796081564
2.992,2.4003856,0.5916143817901611
0.721,1.362509,-0.6415090122222901
1.095,1.5257282,-0.43072822570800784
2.811,3.3263102,-0.515310157775879
1.563,1.8382258,-0.27522584152221685
2.342,2.4696472,-0.1276471691131591
0.597,0.6830423,-0.08604228782653811
2.5,2.652904,-0.15290403366088867
2.033,2.5202997,-0.4872996730804444
1.731,2.161026,-0.4300260009765624
3.003,2.9411051,0.06189487266540539
2.38,2.2186487,0.16135132789611806
1.79,1.7386398,0.051360168457031286
1.66,1.7539794,-0.09397944450378426
1.607,1.765042,-0.15804194736480714
1.475,1.6082423,-0.1332422733306884
1.921,1.8190734,0.10192656135559086
0.564,0.39338037,0.17061962628364558
3.048,3.6162205,-0.568220474243164
4.398,3.6157646,0.7822353820800778
1.375,1.1871752,0.18782484531402588
1.375,1.092318,0.282681941986084
1.346,1.7153621,-0.3693620719909667
2.625,2.6178157,0.007184267044067383
0.834,1.0219033,-0.18790327644348148
1.135,0.9888764,0.14612359762191773
0.714,0.86349803,-0.14949803209304813
2.045,2.249178,-0.20417793273925788
2.824,3.0534205,-0.22942054367065445
1.457,1.517507,-0.06050695705413811
2.647,2.9702587,-0.3232587127685549
2.75,2.0024292,0.7475707530975342
1.716,1.5219687,0.19403127765655515
2.167,2.6091385,-0.44213848876953143
1.807,2.0672083,-0.2602082901000977
2.125,1.1428629,0.9821370840072632
1.677,2.0598986,-0.3828986148834228
0.425,0.47833803,-0.053338032960891735
2.384,2.6097476,-0.22574764823913585
1.44,0.9135407,0.5264592790603637
0.436,0.4921564,-0.05615638637542725
3.635,3.1124794,0.5225205516815183
1.862,2.3109934,-0.4489934329986571
0.675,0.6037548,0.0712451815605164
1.596,2.5912628,-0.9952628173828124
1.956,2.0489154,-0.09291538619995121
1.548,1.9393741,-0.3913740892410278
4.507,4.5295677,-0.022567718505859702
0.699,0.6403391,0.058660923480987504
1.322,1.4142289,-0.09222891616821283
3.28,3.6748025,-0.3948025417327883
2.728,2.8950458,-0.16704575729370097
0.663,1.043505,-0.3805049533843994
1.293,1.3676133,-0.07461331558227546
0.771,0.8227404,-0.05174037599563597
1.555,1.7107962,-0.1557962369918824
1.26,1.5082316,-0.24823163986206054
2.403,2.017991,0.3850089340209961
1.33,1.2728771,0.057122902870178294
0.949,1.3326333,-0.3836332569122315
2.039,2.4854617,-0.4464617118835448
0.61,0.75183034,-0.1418303394317627
1.392,1.2916168,0.10038320255279531
2.292,2.434341,-0.14234095382690448
2.606,3.4429114,-0.8369113864898683
2.511,2.2982638,0.21273621177673352
3.276,2.265008,1.0109920272827146
1.679,1.8354868,-0.15648676967620845
2.12,2.5407965,-0.42079651832580556
2.333,2.0428765,0.2901235179901125
2.554,2.6985812,-0.1445812187194826
0.675,0.8817898,-0.2067898035049438
1.62,2.524382,-0.9043821144104003
1.172,0.9784074,0.19359261703491204
1.097,1.2607119,-0.16371190834045413
2.75,1.021039,1.7289609909057617
1.118,1.2902559,-0.17225590419769277
1.66,2.0844655,-0.42446550369262703
0.927,0.8677702,0.05922980499267583
1.86,1.9947737,-0.1347737455368041
0.973,1.2098122,-0.23681216430664065
2.413,2.9761677,-0.563167678833008
2.585,2.5909293,-0.00592926979064945
1.382,1.5898571,-0.2078571014404298
1.961,2.503974,-0.5429739608764648
4.192,4.861538,-0.6695379333496092
1.388,1.4603871,-0.07238711071014414
3.766,4.5284076,-0.7624075736999512
1.651,1.7408892,-0.08988919162750242
1.818,2.2100036,-0.3920036144256591
2.118,1.5553477,0.5626523189544677
1.125,1.4842206,-0.35922062397003174
1.443,1.3645315,0.07846848297119147
2.22,2.2982223,-0.07822230339050273
0.536,0.5603826,-0.02438260459899899
1.308,1.3771722,-0.06917223167419428
2.276,2.7718024,-0.4958024253845217
2.75,2.7601566,-0.010156631469726562
1.919,1.8771248,0.041875213623046914
0.641,0.69855696,-0.057556959629058824
0.681,1.0616733,-0.3806732835769653
2.552,2.28567,0.2663299579620362
2.441,2.6847072,-0.24370716476440446
3.37,2.695219,0.6747809600830079
2.083,1.731536,0.35146396923065204
5.00001,4.9382086,0.06180141998290978
1.721,1.8600624,-0.13906236076354972
1.289,0.74684125,0.5421587481498717
1.449,1.0440902,0.40490984821319587
0.72,0.6076803,0.11231967926025388
1.429,1.4734914,-0.044491430282592725
4.361,3.0584002,1.3025998458862302
2.042,1.7434634,0.2985366029739378
1.957,2.239261,-0.28226091194152825
0.905,1.1228346,-0.21783456325531003
2.361,1.712634,0.648366032600403
1.869,1.7441894,0.12481061840057373
1.625,1.92814,-0.3031400442123413
1.125,1.4270893,-0.3020893335342407
0.58,0.53982514,0.04017485857009884
3.074,3.4284034,-0.35440337753295914
3.538,4.5868144,-1.0488144035339357
2.909,3.1445787,-0.2355786952972414
3.586,3.2374706,0.34852937316894517
2.462,2.2643409,0.1976591224670412
0.721,1.0042808,-0.2832808055877686
1.075,1.3778446,-0.3028445720672608
0.786,0.75496536,0.031034635066986116
1.876,1.8906204,-0.01462035083770763
0.979,1.1345416,-0.1555416307449341
1.866,2.2479072,-0.3819071617126464
1.969,1.962593,0.006407040596008384
1.115,1.0525345,0.06246553897857665
1.563,2.0977707,-0.5347706909179688
2.182,2.6088564,-0.42685643959045416
2.935,4.3438706,-1.4088706398010253
0.59,0.9361039,-0.34610388040542606
1.628,1.4359177,0.1920822649002074
1.029,1.0623686,-0.033368631362915124
0.543,1.3038651,-0.7608650751113891
1.663,1.4101222,0.25287784385681156
1.525,2.0192583,-0.4942582607269288
1.426,1.6717234,-0.24572336578369147
1.5,1.3011775,0.1988224983215332
0.844,0.8863113,-0.04231129264831546
2.1,2.1800478,-0.08004775047302237
1.375,1.4911153,-0.11611533164978027
3.5,3.087966,0.4120340347290039
1.719,1.356849,0.36215104484558114
1.431,1.5982597,-0.167259687423706
4.523,3.7122858,0.8107142429351804
1.76,1.7669214,-0.006921401023864737
1.127,1.1900674,-0.06306741046905517
0.684,0.90610355,-0.2221035513877868
1.907,1.7414117,0.1655883140563965
3.318,4.1313953,-0.8133953399658203
1.84,1.8958869,-0.055886898040771404
1.625,1.1040877,0.5209122896194458
1.294,1.4037259,-0.10972586250305172
1.728,1.3403896,0.38761039066314695
1.911,1.7190778,0.19192217445373538
2.949,3.164025,-0.2150250682830812
1.886,1.901367,-0.015366949081421
0.638,1.0623747,-0.4243747110366821
4.661,4.3833666,0.27763341522216756
1.868,1.9448202,-0.07682016563415517
1.393,1.3496584,0.043341629981994645
3.303,2.859657,0.4433429508209228
2.848,3.074735,-0.22673492622375502
1.988,1.8695487,0.11845132160186767
0.693,0.86197746,-0.16897745800018316
1.455,1.599655,-0.14465503215789788
1.662,1.6428796,0.019120394706725996
2.738,2.5608,0.17719992446899413
1.49,1.2210605,0.26893948554992675
2.154,2.305893,-0.15189294433593759
2.878,3.5346625,-0.6566624851226806
4.063,2.5191128,1.543887174606323
1.603,1.6901652,-0.08716516208648684
2.4,3.0223029,-0.6223028659820558
0.609,0.869614,-0.26061400508880617
1.423,1.3133234,0.1096766214370728
0.848,1.0323954,-0.18439536285400393
2.054,2.212663,-0.15866293525695818
3.968,3.4220026,0.5459974460601806
1.354,1.8219349,-0.46793493843078604
1.154,1.5542965,-0.4002964935302735
1.625,2.7608285,-1.1358284950256348
4.25,2.5092342,1.7407658100128174
1.143,0.92461455,0.2183854513168335
5.00001,4.856382,0.14362810684204064
5.00001,4.8231525,0.1768574578857418
0.487,0.54219526,-0.05519526052474977
2.947,3.0683937,-0.12139370727539056
3.005,2.1291952,0.8758047866821288
3.432,2.2296934,1.2023065872192382
0.92,1.5158058,-0.5958058404922485
2.781,2.9200847,-0.13908471488952623
3.809,4.1005144,-0.29151441192626937
3.398,3.0049822,0.3930177669525148
0.968,1.123156,-0.155155951499939
2.7,2.3517685,0.3482315063476564
1.9,2.066244,-0.16624388694763192
1.813,1.5128616,0.3001383905410766
1.006,0.9766414,0.029358583450317388
1.708,1.5833524,0.12464755344390865
1.527,1.7388313,-0.2118312816619874
3.536,2.6188438,0.9171562061309815
2.0,2.501146,-0.5011460781097412
2.134,2.7156706,-0.5816705856323243
1.531,1.3910114,0.13998864269256583
3.797,2.6074245,1.18957550239563
2.75,2.4072304,0.3427696228027344
0.786,1.0148236,-0.22882355594635007
1.883,2.2206633,-0.33766330909729003
1.38,1.5051186,-0.12511860847473155
5.00001,4.8089094,0.19110058380126915
1.974,1.7574002,0.21659984493255613
2.446,2.912637,-0.4666369953155516
1.653,1.6629885,-0.009988543510436987
3.004,2.9956594,0.00834064865112305
0.882,1.2568684,-0.3748683624267578
5.00001,4.85978,0.14023016525268517
1.631,1.3322242,0.2987757501602173
1.919,2.1864882,-0.26748815155029293
3.553,3.2879083,0.2650916843414306
4.303,3.6437392,0.6592607765197753
0.427,0.5481813,-0.12118129539489747
3.781,4.157772,-0.37677206420898424
2.64,2.2838128,0.35618723869323743
1.119,1.7869087,-0.667908745765686
2.245,2.0328455,0.21215450286865245
1.25,1.7282151,-0.4782150983810425
0.641,0.9222789,-0.28127888107299803
0.884,1.0244828,-0.1404828462600708
3.892,3.4847038,0.40729622077941885
1.938,1.0502449,0.8877550725936889
5.00001,4.15679,0.8432202203369137
1.875,4.047756,-2.1727561950683594
2.103,2.0161698,0.08683021354675313
2.128,2.0525274,0.07547257232666027
1.775,2.5270793,-0.7520793437957765
1.813,1.2494992,0.5635007982254028
1.595,1.6093079,-0.014307885169982937
1.775,1.6452967,0.12970330715179434
1.161,1.2644551,-0.1034550800323486
5.00001,4.1945586,0.8054513795471188
1.625,1.5319676,0.0930323600769043
1.355,1.6670953,-0.31209530353546144
0.996,1.1253366,-0.1293366470336914
1.185,1.2219648,-0.036964836120605415
1.569,1.3044517,0.2645482959747314
1.472,1.330015,0.1419850559234619
0.858,0.82234293,0.0356570677757263
5.00001,3.4407144,1.5592956407165524
1.709,1.5401889,0.16881109142303474
2.579,3.060724,-0.4817240200042723
1.643,1.5827675,0.06023251342773439
4.389,3.9510524,0.4379475727081301
0.98,1.0955443,-0.11554433822631838
2.887,2.821774,0.06522599411010743
2.032,2.3916183,-0.3596182518005371
2.836,2.9012442,-0.06524416351318374
1.625,2.316693,-0.6916930675506592
0.953,1.10644,-0.15343994808197026
1.617,1.4774249,0.13957513999938964
1.875,1.6033137,0.271686315536499
1.58,1.4609121,0.11908789157867439
4.561,3.0738177,1.4871822700500488
1.029,1.1792562,-0.15025620079040536
1.654,1.950927,-0.2969270191192628
0.544,0.4989511,0.045048892736434976
1.472,1.5091554,-0.037155392646789576
0.95,1.0280666,-0.07806663513183598
1.43,1.7865835,-0.35658354282379157
0.972,1.5273025,-0.5553025035858155
1.129,1.1434294,-0.014429398536682125
1.733,1.6868005,0.04619952011108408
3.931,2.9786363,0.9523637351989747
0.63,0.8545846,-0.22458457469940185
2.973,2.6811051,0.291894863128662
2.421,1.9463508,0.4746491870880125
2.939,3.1596017,-0.2206016883850097
1.131,1.4069053,-0.27590529346466064
1.372,1.2468647,0.1251353235244752
2.971,1.5764639,1.3945360622406007
2.435,2.4500902,-0.015090169906616158
0.988,0.8384295,0.14957048940658568
2.448,2.524724,-0.07672400665283208
3.278,2.9616477,0.31635225105285647
4.375,3.6653252,0.7096748352050781
1.635,1.5601875,0.07481254100799561
1.024,1.5432749,-0.5192748794555664
1.122,1.2424958,-0.12049577522277821
1.659,2.0258973,-0.3668972644805908
2.5,2.7819698,-0.2819697856903076
1.581,1.8179084,-0.23690840625762943
0.875,0.98256725,-0.10756725072860718
1.35,1.3929477,-0.04294767379760733
0.795,1.2673154,-0.47231538772583004
1.621,1.1590616,0.4619384489059448
2.284,1.8820058,0.40199418926238994
1.406,1.5159599,-0.10995985889434823
0.713,1.4930302,-0.7800301904678345
2.663,2.6123903,0.05060972023010235
0.813,0.7848541,0.0281458859443664
1.85,2.236867,-0.38686695098876944
3.293,3.4658163,-0.17281625938415512
1.688,1.5664797,0.12152031707763666
1.104,1.4866861,-0.3826861104965209
5.00001,4.38781,0.6121997697448727
0.857,1.4258927,-0.56889271068573
0.633,0.46006265,0.1729373471736908
5.00001,4.9901757,0.009834275970458606
1.838,2.168411,-0.3304110164642333
1.507,1.3199813,0.18701866340637197
2.429,2.5867014,-0.15770139312744158
3.267,3.1356823,0.1313176555633544
2.204,2.0151663,0.1888337173461916
2.407,2.2486935,0.1583065338134766
5.00001,5.043741,-0.04373122619628944
0.984,1.0595243,-0.07552429771423341
1.669,1.965245,-0.2962450084686279
2.054,1.9381258,0.11587415122985822
0.901,1.0555314,-0.15453138256072996
1.898,1.8313959,0.06660413551330557
1.625,1.0936787,0.5313212871551514
3.337,3.0295367,0.307463275909424
0.851,1.0376707,-0.18667073154449465
1.344,1.1393046,0.20469536209106454
1.446,1.8213762,-0.37537620449066167
2.15,2.0716488,0.07835116386413565
0.975,1.1763613,-0.20136132240295412
2.1,2.818527,-0.7185269832611083
3.12,3.193428,-0.07342803955078114
3.0,2.8421996,0.15780043601989746
2.024,1.9289621,0.09503788852691653
2.541,3.281026,-0.7400258865356446
1.16,1.2044289,-0.044428911209106525
1.67,1.7543715,-0.08437152385711677
3.969,3.8470752,0.12192477607727037
2.27,1.9174132,0.35258676528930666
5.00001,4.7389846,0.26102541519165
5.00001,4.6362605,0.3637494905090328
1.99,2.0090904,-0.019090423583984384
3.691,4.6034956,-0.9124955978393556
0.225,1.1599534,-0.9349533557891846
0.957,1.0392952,-0.08229519653320316
3.659,4.264064,-0.6050638351440432
2.158,2.1888244,-0.03082441520690926
2.055,1.8088063,0.24619369983673112
5.00001,4.4320765,0.567933545837402
2.508,2.194114,0.31388603019714356
3.636,4.063875,-0.4278751983642577
2.942,3.3915935,-0.4495934562683104
1.714,1.5293812,0.18461884403228757
2.613,2.1611304,0.451869571685791
1.149,1.1442726,0.004727434158325217
2.584,2.0378757,0.5461243476867677
1.063,0.94449145,0.11850855398178095
0.989,1.1602539,-0.1712538824081421
2.42,2.0256534,0.39434663772583
1.461,1.5373721,-0.07637211227416985
1.546,1.9241084,-0.37810838603973385
1.975,1.6807284,0.29427156448364267
2.896,3.122142,-0.22614207649230966
3.257,2.740262,0.5167379684448243
0.533,0.56691957,-0.033919565200805635
0.878,1.1415113,-0.26351132106781006
1.783,1.8604279,-0.07742785644531258
1.971,1.8252248,0.14577524280548104
1.234,1.5130101,-0.2790101442337036
2.929,3.1994746,-0.27047457313537615
1.098,1.3221025,-0.22410254669189444
1.242,1.8085043,-0.5665043430328369
0.573,0.49670136,0.07629864025115962
4.047,3.557199,0.48980099868774385
1.875,3.63845,-1.7634499073028564
0.637,0.8489377,-0.2119376902580261
1.012,1.1109579,-0.09895786094665526
5.0,4.832924,0.16707611083984375
0.455,0.76674813,-0.31174813032150267
4.635,3.5480654,1.0869345760345457
1.813,2.4775274,-0.6645273799896241
3.074,2.6513996,0.42260038757324203
3.718,4.1208563,-0.40285628509521487
0.56,0.93921506,-0.37921506404876704
2.893,2.0401194,0.8528805904388426
1.282,1.4919602,-0.20996016788482663
2.714,2.3987806,0.3152194156646728
1.821,1.9747875,-0.15378747367858892
2.194,2.071581,0.12241911315917964
0.784,1.2176573,-0.4336573276519775
0.961,0.93435675,0.02664325094223019
3.947,4.154689,-0.2076888351440429
2.225,2.3582122,-0.1332122325897216
0.875,1.1631172,-0.2881171703338623
1.375,1.6135492,-0.23854923248291016
2.461,1.8538766,0.6071234092712401
1.757,1.7396775,0.017322451591491594
1.641,1.5743923,0.06660768127441408
1.328,1.2185469,0.1094531326293946
1.292,0.8096486,0.48235142660140995
2.241,1.7507988,0.4902011785507203
1.039,0.89647585,0.1425241484642028
1.128,0.97907275,0.14892725038528432
2.438,2.8629262,-0.4249262447357176
0.886,0.9437846,-0.05778459453582763
1.861,2.4871395,-0.6261394634246826
1.861,1.0846741,0.7763258800506592
1.609,1.749645,-0.1406449947357178
1.492,1.5056546,-0.013654573440551765
0.764,0.75094455,0.013055445194244397
5.00001,3.8812373,1.1187727315521236
0.956,1.3030275,-0.3470275106430054
2.375,2.7497916,-0.37479162216186523
4.183,4.1474495,0.035550506591796704
1.975,2.3142514,-0.33925142288208
0.664,0.7178225,-0.05382249212265011
2.69,3.2108192,-0.5208192443847657
2.19,3.1839986,-0.9939985847473145
1.569,1.6118013,-0.0428012666702271
1.342,1.4565172,-0.11451721954345695
2.042,1.8101592,0.23184079360961896
2.188,2.6933894,-0.5053894157409666
1.818,2.6408842,-0.8228841609954833
1.685,1.9508711,-0.2658711099624633
2.992,2.2929885,0.6990114612579346
1.66,1.3779056,0.2820943927764892
1.935,1.697731,0.2372689819335938
2.125,2.3788679,-0.25386786460876465
3.862,2.6864705,1.1755294914245606
2.684,2.0128732,0.6711268272399904
1.281,1.9584988,-0.6774988355636598
2.712,3.1120427,-0.4000426654815672
0.884,1.2723705,-0.38837045764923095
1.015,1.1256409,-0.1106408691406251
4.955,3.7220418,1.2329581546783448
1.673,1.347701,0.3252990465164185
1.413,1.7865855,-0.3735854501724243
5.00001,5.1336703,-0.1336603300476078
3.213,3.4166498,-0.20364981842041008
0.821,0.8785222,-0.057522217273712206
0.929,1.2007054,-0.27170540904998775
1.68,1.5234897,0.1565102863311767
1.35,1.5115682,-0.16156818866729727
2.431,1.9186947,0.5123052654266358
1.571,1.8369217,-0.2659216918945313
0.979,1.0085509,-0.029550882339477558
1.777,1.8655188,-0.08851880836486825
1.318,1.3264726,-0.00847264003753656
2.688,3.5979583,-0.9099583263397215
3.143,2.5047505,0.6382495098114012
1.836,2.4067209,-0.5707208766937255
1.0,0.80658567,0.1934143304824829
2.322,2.4695127,-0.14751270103454583
1.381,1.3327805,0.048219519615173345
1.625,1.4406209,0.18437910079956055
4.573,2.9784591,1.5945408802032475
1.392,1.3753349,0.01666514110565176
2.445,2.5457222,-0.1007222461700441
0.616,0.58355594,0.0324440631866455
2.37,1.9444747,0.425525302886963
1.125,1.4293927,-0.3043926954269409
1.223,1.4534452,-0.2304451961517333
5.00001,2.9577062,2.042303787002563
1.101,1.6078088,-0.5068088283538819
3.009,3.1091878,-0.10018784141540538
1.675,1.4612503,0.2137496948242188
2.464,2.9239066,-0.45990656471252445
2.793,3.3662324,-0.573232395172119
4.14,3.0470715,1.09292854309082
0.587,0.54283464,0.044165360450744595
2.949,3.4429872,-0.4939872035980226
3.652,3.5625145,0.08948545646667494
3.683,3.4040632,0.27893677520751936
2.392,1.8057292,0.5862708492279052
1.214,1.8547108,-0.6407108173370362
2.15,2.1894019,-0.03940186500549325
1.139,1.3057148,-0.16671484565734862
2.364,2.2885063,0.07549373054504382
1.717,2.010099,-0.2930989341735839
2.485,2.8027167,-0.3177167320251466
0.582,0.66790736,-0.08590735721588139
0.678,0.50603765,0.17196234750747685
0.757,1.2093923,-0.45239230918884277
1.78,1.8593316,-0.07933160781860349
0.604,0.5580004,0.045999614238738995
2.261,3.0859978,-0.8249978199005126
1.795,1.9932576,-0.19825764179229743
1.582,1.8871733,-0.30517329502105706
2.786,3.036348,-0.2503481044769287
4.808,4.0762773,0.7317227439880369
1.923,1.6822027,0.2407973031997681
1.417,1.1337457,0.2832543296813965
3.308,2.9023974,0.405602605819702
1.0,1.0226384,-0.022638440132141113
1.032,1.2618201,-0.22982007789611814
0.535,0.56149113,-0.026491131782531707
1.857,1.8890224,-0.03202235031127931
1.929,1.7806137,0.14838633918762212
2.56,2.6905582,-0.1305581951141357
1.385,1.4678535,-0.08285354614257812
0.696,0.9311477,-0.23514769458770757
2.468,3.6037111,-1.1357111282348633
2.659,2.9211743,-0.2621742877960207
1.625,1.2608916,0.36410844326019287
3.227,3.5819426,-0.35494255828857435
1.489,2.0408669,-0.5518668518066405
4.29,4.7108784,-0.4208783721923828
5.00001,4.690848,0.3091621263122555
2.541,2.8020322,-0.261032232284546
3.281,3.0636625,0.21733747100830092
1.691,2.2528346,-0.5618345584869384
2.554,2.3964286,0.1575714149475096
0.764,1.0025872,-0.2385871992111206
1.514,1.8152379,-0.3012378797531128
3.111,2.7461398,0.3648602352142336
1.875,1.9918765,-0.11687648296356201
2.132,2.119996,0.012003929138183711
2.083,1.7076253,0.37537473011016864
2.028,2.2887166,-0.2607165546417236
0.901,1.5341016,-0.6331016054153442
0.924,1.1620721,-0.23807206249237056
1.365,1.3699601,-0.004960069656372079
0.922,0.8969249,0.02507508707046513
0.794,0.781898,0.012101978302001992
0.955,1.0008955,-0.04589550018310551
2.492,2.2379582,0.2540418071746826
1.117,1.2372767,-0.12027667331695557
1.906,1.7582654,0.1477346239089965
1.918,2.052219,-0.1342189140319825
5.00001,4.614796,0.3852138383483883
0.508,0.8908989,-0.3828988833427429
1.635,1.0734217,0.5615782833099365
3.689,3.933635,-0.2446349964141845
0.57,0.6296125,-0.05961250543594365
0.75,1.1082652,-0.3582651615142822
2.29,2.3025348,-0.012534818649291957
3.409,3.597772,-0.18877188301086445
2.766,2.6413665,0.12463351821899415
1.884,2.0275283,-0.1435282859802247
0.739,0.68865675,0.050343252658843984
1.5,2.0664527,-0.5664527416229248
1.471,1.4575584,0.01344160652160653
1.863,1.6122143,0.2507856731414795
2.349,2.2655535,0.08344652557373067
1.225,1.250242,-0.025241994857787997
3.989,3.3656633,0.6233367099761962
2.5,3.5697007,-1.0697007179260254
1.136,1.5219123,-0.3859123363494874
2.448,2.5967245,-0.14872451019287114
2.25,2.0674548,0.18254518508911133
1.869,2.698974,-0.8299738941192627
3.097,3.2348316,-0.13783157157897952
1.306,1.4590946,-0.15309464359283442
3.423,2.7282734,0.6947266082763672
0.65,0.6973433,-0.04734328985214231
2.789,2.0776224,0.7113775863647462
1.688,1.9648721,-0.27687212181091314
4.184,3.6631382,0.5208618488311769
1.09,1.3909819,-0.30098191261291496
1.601,1.670784,-0.06978399658203127
3.45,3.5058136,-0.05581359863281232
4.188,3.9154487,0.27255133438110324
2.091,2.0294101,0.06158987617492695
0.975,1.044531,-0.06953098773956301
5.00001,4.628529,0.3714809281921383
1.086,0.8617682,0.22423181390762337
1.333,1.417526,-0.08452600669860844
0.509,0.51063186,-0.001631859302520744
3.116,3.416293,-0.300292905807495
3.655,3.7095027,-0.05450269699096699
1.75,3.3649492,-1.6149492263793945
1.703,1.3711551,0.3318448572158814
2.795,2.6247704,0.17022959709167473
1.259,1.696454,-0.4374540481567384
1.557,1.6413317,-0.08433167266845709
0.833,0.92075723,-0.08775723409652714
1.563,2.4250264,-0.8620264167785645
2.148,2.8205886,-0.6725885887145995
1.103,0.77229965,0.3307003526687622
1.65,1.0566703,0.5933296918869018
3.495,3.4263277,0.06867229461669933
5.00001,5.160887,-0.16087676452636757
1.257,1.2705574,-0.01355740356445323
1.931,2.1049244,-0.17392444038391108
5.00001,5.0794606,-0.07945062088012733
1.996,2.3712614,-0.3752613582611084
5.00001,4.4155407,0.5844693048095699
1.634,1.8029455,-0.16894549465179454
1.375,1.372163,0.002836942672729492
1.215,1.419135,-0.2041349744796752
3.812,3.7554772,0.05652280998229964
1.119,1.4393312,-0.32033117389678956
0.58,0.70498586,-0.12498585700988774
0.638,0.91958433,-0.28158433389663695
3.632,3.228575,0.40342500877380383
2.064,1.8923084,0.17169164562225347
3.708,2.883727,0.8242729263305666
0.818,0.81544656,0.002553444385528514
2.715,2.446723,0.268277015686035
1.97,2.2549343,-0.28493431091308596
0.734,1.0366162,-0.30261620616912843
3.017,3.486351,-0.46935101318359385
1.196,1.3934495,-0.19744954490661626
2.581,2.2437425,0.33725753402709957
0.175,2.930805,-2.755804967880249
1.457,1.6960655,-0.2390655450820922
1.02,1.0060078,0.013992209434509295
4.0,3.7888613,0.21113872528076172
0.992,0.6894517,0.3025483055114746
4.854,3.9870398,0.8669601955413819
4.771,4.6885495,0.08245048141479483
0.669,0.54238665,0.1266133489608765
3.754,4.2959423,-0.5419423065185547
1.696,1.8750383,-0.17903826618194585
2.476,2.8023133,-0.32631332778930666
1.647,1.6388555,0.008144542694091816
3.094,3.2488053,-0.1548052845001222
1.853,1.9079309,-0.054930850982666035
2.302,2.6033354,-0.3013353805541992
1.561,1.4377776,0.12322236156463617
3.025,3.2791102,-0.25411019325256357
0.978,1.079211,-0.10121099662780764
2.513,3.080066,-0.5670659656524659
2.813,2.6813567,0.13164333152771013
1.531,1.2505959,0.28040407276153556
3.556,3.8571882,-0.3011882247924804
1.013,1.1410717,-0.12807167720794688
2.66,2.1477413,0.5122586822509767
1.607,1.3253537,0.281646258354187
3.058,3.200174,-0.14217409324646013
1.475,1.2894833,0.18551669120788583
1.863,1.8570502,0.005949819564819325
1.626,2.0471208,-0.4211208095550538
4.847,4.332534,0.5144661636352543
1.75,2.1372945,-0.3872945308685303
1.272,1.2495437,0.02245633316040041
3.651,2.9354768,0.7155232200622557
2.365,1.8714927,0.49350725650787375
2.14,2.2701235,-0.13012348175048816
2.258,2.8984852,-0.6404851837158203
1.289,1.297822,-0.008821998596191483
0.735,1.5281559,-0.7931559228897095
1.147,1.4544199,-0.30741985130310057
1.75,1.862042,-0.11204195022583008
3.181,2.1324766,1.0485234317779542
3.312,3.320375,-0.008374965667724776
1.925,2.4752252,-0.5502252101898193
1.595,1.4499189,0.14508113384246824
1.627,1.7382267,-0.11122665214538574
0.673,1.049829,-0.3768290061950683
2.129,1.7391651,0.3898349323272705
1.406,1.5127605,-0.10676051998138436
1.865,1.4042505,0.46074949741363525
3.932,4.258493,-0.3264929466247559
0.553,0.62378514,-0.07078513813018794
4.098,3.9874566,0.11054343986511217
1.918,1.9935454,-0.07554541301727302
0.995,1.2791185,-0.28411853790283204
1.75,1.648756,0.10124397277832031
1.58,1.5976707,-0.017670674324035573
1.069,1.1724504,-0.10345042324066167
2.772,2.199752,0.5722479076385496
3.267,2.7677,0.499300043106079
0.96,0.61065125,0.3493487453460693
4.318,4.6296663,-0.31166632843017616
1.722,1.8420798,-0.12007975864410403
1.125,1.2529079,-0.1279078722000122
2.25,1.1385884,1.1114115715026855
2.595,2.5510368,0.04396316528320332
2.915,3.1094382,-0.19443818092346188
0.504,0.6047052,-0.10070521450042724
1.5,2.7503037,-1.2503037452697754
2.246,2.509179,-0.26317911529541016
1.306,1.4651644,-0.15916442298889155
0.697,0.8846286,-0.18762859392166142
3.53,2.88317,0.6468301105499266
2.312,2.715634,-0.40363410758972185
2.051,1.8186123,0.2323876628875734
3.981,3.9197586,0.06124144172668444
1.413,1.6906873,-0.2776872987747192
1.733,1.5409746,0.19202538299560556
1.279,1.0966517,0.18234832668304435
2.895,2.2065625,0.6884374809265137
0.959,1.1082451,-0.14924513435363773
1.334,1.7150103,-0.38101028537750237
1.468,1.6667976,-0.19879763793945315
1.813,2.3521385,-0.5391385192871094
0.546,0.8078653,-0.2618653216361999
0.555,0.5156249,0.0393751192092896
1.5,1.7618895,-0.2618894577026367
1.028,1.0126505,0.015349510192871119
0.933,0.96017754,-0.027177540779113718
1.231,1.2933949,-0.06239492321014395
2.318,1.4096729,0.9083271436691285
1.595,1.6784205,-0.08342054367065432
1.083,1.0376989,0.04530113506317135
0.431,0.53183883,-0.10083883428573609
1.056,0.8090175,0.2469825205802918
1.683,1.549611,0.13338902759552007
0.283,1.4690695,-1.1860694808959962
2.829,2.6624627,0.16653728866577167
2.343,1.9513327,0.39166731166839597
2.125,1.1379558,0.9870442152023315
2.056,2.3406444,-0.284644359588623
1.5,2.1224134,-0.6224133968353271
1.93,1.9441451,-0.014145083427429261
0.14999,2.3352785,-2.1852885110473634
1.7,1.637653,0.06234700679779048
1.683,1.5146687,0.16833129692077642
0.935,1.2170643,-0.28206426143646235
1.918,2.432605,-0.5146050281524659
1.815,2.2482736,-0.43327361106872564
1.954,2.0495005,-0.09550046539306645
1.219,1.4404076,-0.22140763378143302
1.426,1.7451113,-0.3191113462448121
1.583,1.3395445,0.24345546531677242
1.653,1.2425244,0.4104756145477295
1.55,1.310007,0.23999302387237553
0.921,0.9888541,-0.06785411024093624
0.681,0.56014407,0.12085593318939214
2.763,2.7029614,0.06003855514526357
3.352,4.166623,-0.8146231155395509
1.211,0.9431007,0.26789930915832527
1.771,1.3233538,0.4476462326049804
1.875,1.6184305,0.256569504737854
1.92,1.8931352,0.026864809989929128
3.012,2.774559,0.23744097900390626
1.591,1.4548503,0.1361496839523315
5.00001,5.101433,-0.10142280029296913
2.737,2.6675615,0.06943846893310557
2.339,2.4367363,-0.09773634529113773
5.00001,3.170845,1.8291649682617184
2.228,2.642738,-0.41473810386657695
1.402,1.4675127,-0.06551272678375253
1.598,1.5862554,0.011744568824768153
1.188,1.2151225,-0.02712246131896978
5.00001,4.142685,0.8573250634765621
1.055,1.2552261,-0.2002261352539063
2.178,2.083838,0.0941620140075683
1.875,2.0433173,-0.16831731796264648
2.873,3.4954665,-0.6224664707183836
1.31,1.7369045,-0.426904501914978
0.558,0.675881,-0.11788102817535395
1.619,1.8343031,-0.2153031406402588
2.536,2.2529461,0.283053861618042
1.55,1.4684855,0.08151452541351323
3.115,3.1017675,0.01323246002197287
0.878,0.6815004,0.1964996247291565
1.058,1.0645587,-0.006558744430541941
1.37,1.608622,-0.2386219549179076
1.563,1.5980126,-0.03501256656646734
1.547,1.472242,0.0747580022811889
1.674,1.5146645,0.15933546924591058
4.578,3.8453243,0.7326757221221927
5.00001,4.079552,0.9204578263854977
1.883,2.347696,-0.46469606590270995
4.429,3.5259128,0.9030872383117678
5.00001,4.7175736,0.28243635726928673
5.00001,5.1940627,-0.19405270980835
1.875,1.9060878,-0.031087756156921387
0.574,0.5083694,0.06563061380386348
3.875,2.2400067,1.634993314743042
2.72,2.9422598,-0.2222597885131834
1.676,1.2399012,0.43609881496429437
4.037,3.1067424,0.9302576179504394
1.917,1.5021427,0.4148573322296143
5.00001,3.5650365,1.434973464736938
1.871,1.8845494,-0.013549379348754886
0.964,1.371049,-0.4070490465164185
0.924,1.0047369,-0.0807369003295898
2.139,2.0229912,0.11600881958007792
1.55,2.0986445,-0.5486444950103759
1.33,1.6340653,-0.3040652704238891
2.75,1.6614429,1.0885571241378784
2.385,2.0963154,0.288684616088867
1.583,1.266729,0.3162710027694702
0.705,0.7476962,-0.04269622087478642
2.223,1.7435452,0.479454825401306
4.119,4.2178264,-0.09882636642456077
1.851,1.973557,-0.12255699539184572
5.00001,3.2243607,1.7756492955780026
1.398,1.4217968,-0.023796798706054778
1.781,1.7673142,0.013685804367065346
1.593,2.2653177,-0.6723176784515381
1.25,1.0465326,0.20346736907958984
1.971,2.4466403,-0.4756402530670165
0.64,0.7206238,-0.08062379121780394
1.946,1.9124783,0.033521672248840284
1.625,1.3331686,0.291831374168396
0.844,0.48244676,0.36155324006080625
0.613,0.93673295,-0.3237329478263855
3.682,3.481846,0.2001539058685302
1.221,1.4292494,-0.2082494058609008
0.861,1.4311063,-0.5701063289642334
2.099,2.1882904,-0.08929035758972148
1.708,1.5352095,0.17279046344757076
1.75,1.7090493,0.040950655937194824
1.266,1.1233383,0.14266165828704835
2.822,3.0040247,-0.1820247440338134
2.077,2.2704585,-0.19345845985412602
1.042,1.916905,-0.8749050455093383
2.143,3.279002,-1.1360019512176516
0.803,0.8897113,-0.08671132040023799
2.731,2.2747803,0.45621972656249987
2.375,2.3328114,0.04218864440917969
0.738,1.0424806,-0.30448058795928956
1.844,1.935541,-0.09154103374481193
3.42,3.092777,0.3272229862213134
1.297,1.2559884,0.041011640548705985
2.24,2.6909597,-0.45095969200134256
1.569,1.2156932,0.3533067646026611
3.949,2.707876,1.241124032974243
1.577,2.0220535,-0.4450534801483155
1.199,1.009381,0.18961894416809089
3.169,3.3841164,-0.2151164112091064
2.125,2.6243854,-0.49938535690307617
0.683,0.6895989,-0.006598917961120554
1.651,1.7603141,-0.10931410694122312
0.936,1.0322393,-0.09623931789398188
0.888,1.1092693,-0.22126926136016845
1.847,1.9210619,-0.07406187343597415
3.271,3.5581439,-0.28714385414123544
1.343,1.2388102,0.10418981838226316
5.00001,3.0463529,1.953657136688232
1.621,1.6706753,-0.04967527770996094
5.00001,5.078276,-0.07826615737915077
2.292,2.1311958,0.1608042163848875
1.125,0.926415,0.19858497381210327
3.542,2.6041255,0.937874500274658
3.621,3.4850094,0.13599056816101074
1.625,1.0184127,0.606587290763855
1.005,1.1906686,-0.18566858291625987
0.677,0.8023248,-0.12532477188110347
0.571,0.5419328,0.02906717872619624
1.648,2.3150759,-0.6670758743286134
2.042,2.1651886,-0.12318855094909686
3.424,3.437865,-0.01386501884460456
1.815,1.4299581,0.3850418949127197
3.045,2.9032834,0.14171664237976067
2.353,2.2811239,0.07187612342834493
1.053,1.3003168,-0.24731681060791022
2.914,2.9646964,-0.05069640731811509
1.596,2.0116675,-0.4156674900054931
1.118,0.9961846,0.12181541252136241
1.196,1.1789286,0.017071386337280225
3.297,2.045103,1.251896926879883
1.367,1.5517185,-0.18471847343444825
1.014,0.8932723,0.12072771930694581
1.186,1.0187441,0.16725588893890375
1.333,1.4244782,-0.09147817325592045
0.525,0.5312611,-0.0062610864639282005
2.346,2.4682353,-0.12223525428771964
0.75,1.0124857,-0.2624857425689697
1.763,1.7010889,0.061911094665527244
3.468,2.8733,0.5946999244689941
2.518,2.5957925,-0.07779253196716329
0.542,0.6226323,-0.08063232469558712
0.675,1.1663538,-0.4913538217544555
1.425,1.7764176,-0.35141761302947994
1.016,1.1794924,-0.16349235439300536
2.273,2.975355,-0.7023549098968505
3.372,4.2505074,-0.8785073547363282
1.188,1.9743259,-0.7863258953094483
0.675,0.8299361,-0.1549360871315002
2.02,2.2975996,-0.27759955406188963
0.942,1.0022496,-0.060249598503112844
0.962,1.0086244,-0.046624434471130405
2.25,2.5587199,-0.3087198734283447
2.587,2.0483265,0.5386735076904299
1.031,1.1732316,-0.14223160171508797
1.172,1.2916857,-0.11968570041656501
1.648,1.7487231,-0.10072314929962167
1.44,1.489825,-0.04982501029968267
5.00001,4.607184,0.392826066741943
1.554,1.6013132,-0.04731323337554927
1.147,1.1184059,0.028594061851501484
1.231,1.6388566,-0.4078566493988036
2.268,1.9755431,0.2924568586349485
1.804,1.6287956,0.17520437622070317
3.109,3.9950118,-0.8860118064880371
1.488,1.5946399,-0.10663989734649659
0.847,1.1136149,-0.26661491680145266
0.637,0.9016931,-0.2646931056976318
2.62,2.6039853,0.01601469039917003
4.381,4.21156,0.16944022750854515
2.265,2.1247838,0.14021624565124524
0.876,1.0134964,-0.13749639892578125
3.455,3.6800117,-0.22501174926757805
1.401,1.1227632,0.2782368431091309
3.667,3.3030481,0.36395186614990216
2.708,2.4981978,0.2098022060394289
1.688,2.0035594,-0.3155593509674073
2.938,3.7865715,-0.8485715026855467
2.518,2.8070834,-0.2890833683013918
0.851,0.8084317,0.042568315029144266
2.675,3.0185323,-0.34353227615356463
1.409,1.5127311,-0.1037310752868652
2.855,1.7703198,1.0846801805496216
1.513,1.1001498,0.4128502492904662
2.25,2.705664,-0.45566391944885254
0.446,0.62596345,-0.1799634494781494
4.5,2.4976425,2.0023574829101562
2.293,3.0200071,-0.7270071334838866
2.25,0.5479988,1.7020012140274048
1.38,2.0848863,-0.7048863124847413
0.969,0.7060269,0.2629730882644653
1.612,2.031982,-0.4199819450378417
1.443,1.3091787,0.13382129001617438
4.5,3.646423,0.8535768985748291
1.225,1.2791032,-0.05410315990447989
2.487,2.4748032,0.01219679069519053
1.342,1.364753,-0.022753007888793864
3.481,3.4577472,0.02325277900695788
0.783,1.0194639,-0.23646389675140378
1.078,0.9937511,0.08424889135360725
1.469,1.4668756,0.002124446868896568
1.883,2.002973,-0.11997307968139648
1.625,1.480124,0.14487600326538086
0.586,0.5644685,0.021531497001647915
1.837,1.6517901,0.1852098579406738
1.804,1.7492253,0.054774741172790575
1.75,1.5126984,0.23730158805847168
1.372,1.9348559,-0.5628559379577636
1.1,1.9718987,-0.8718986749649047
2.334,2.4228513,-0.08885132408142082
1.283,1.2339256,0.049074419021606364
3.5,2.1300764,1.3699235916137695
1.552,1.6553007,-0.10330073642730708
2.567,2.8251069,-0.25810685920715315
0.859,1.0328335,-0.17383345699310304
0.732,0.8005762,-0.06857621002197267
2.583,2.4876726,0.09532743263244647
0.628,1.0186039,-0.39060392093658447
4.85,3.5625472,1.2874527931213375
1.24,1.3127236,-0.07272363662719727
1.585,1.7996196,-0.21461955547332767
0.973,1.1426896,-0.16968958568573
1.867,1.9325899,-0.06558988857269288
3.441,3.3698955,0.07110454177856429
1.667,1.6535078,0.013492171287536658
1.089,1.175681,-0.08668099498748782
4.829,4.5405245,0.28847551727294896
2.044,2.7497554,-0.7057553825378418
2.307,2.3427227,-0.03572265434265143
0.53,0.6941428,-0.1641428184509277
1.785,1.6764545,0.10854545593261711
5.00001,3.7238057,1.276204334030151
5.00001,4.197844,0.8021659715270992
0.849,0.7125853,0.1364147295951843
5.00001,4.088481,0.9115290505981442
2.468,2.5943086,-0.126308614730835
1.563,1.4881546,0.07484535026550287
2.346,1.8271377,0.5188622913360597
0.488,0.8529162,-0.3649161810874939
1.458,1.607548,-0.14954799842834476
2.715,2.7241876,-0.009187612533569478
5.00001,4.299958,0.7000517709350582
0.875,1.2361674,-0.36116743087768555
0.691,0.52643603,0.16456396913528437
1.393,1.3551477,0.03785228061676027
2.734,2.6500428,0.08395722770690917
2.297,2.1607926,0.13620741081237808
0.682,0.7004631,-0.01846311616897578
1.143,1.3229322,-0.17993224334716795
1.599,1.8560706,-0.2570706377029419
1.166,1.1051894,0.060810557365417406
2.099,2.1578891,-0.05888912773132304
0.689,0.63312465,0.055875350475311225
1.014,1.3058777,-0.291877685546875
2.14,2.0966065,0.043393507003784304
3.553,3.344015,0.2089851169586181
0.903,1.4074576,-0.5044575901031494
1.593,1.6211553,-0.02815526199340823
0.639,0.7217403,-0.08274030542373656
2.182,2.1728542,0.009145814895629822
2.536,3.0365374,-0.5005374088287353
0.813,1.2443329,-0.43133290958404547
1.886,2.00152,-0.11551991844177256
1.654,2.3105383,-0.6565382919311524
1.063,1.5081645,-0.4451645250320435
2.101,2.0190926,0.08190744018554685
1.476,1.5211554,-0.045155357360839865
1.125,2.6990783,-1.5740783214569092
1.75,1.5909543,0.15904569625854492
1.566,1.471477,0.09452296829223639
1.173,1.4492999,-0.27629993152618404
2.292,1.8281826,0.4638174219131468
3.5,1.8868067,1.6131932735443115
1.719,1.9777899,-0.25878987884521476
1.993,2.0447748,-0.05177477073669423
2.516,3.0361176,-0.5201175537109375
3.0,3.4277701,-0.42777013778686523
1.589,1.7381804,-0.14918039894104007
2.168,2.4138138,-0.24581382942199692
1.98,2.1407137,-0.1607136917114258
3.561,4.1699667,-0.6089666976928712
1.923,2.2022908,-0.2792907733917236
3.145,2.5565655,0.588434476852417
0.5,0.5953251,-0.09532511234283447
1.625,1.8674935,-0.24249351024627686
1.671,1.6742654,-0.0032653846740722248
1.388,1.2648506,0.12314938354492178
1.476,1.607353,-0.13135297203063967
2.385,2.2352593,0.1497407054901121
1.107,1.3945835,-0.28758346366882326
3.338,3.3604147,-0.022414743423461836
1.921,1.9181653,0.0028346738815308026
2.94,2.418245,0.5217549228668212
1.545,1.410577,0.13442294120788567
1.519,1.5243471,-0.005347066879272555
5.00001,4.950112,0.04989813400268517
3.229,2.593706,0.6352941074371339
1.656,2.597402,-0.9414020957946778
2.212,1.6353225,0.5766775484085085
1.704,1.7881181,-0.08411812400817875
1.987,2.0670514,-0.08005141067504873
1.625,1.3283439,0.29665613174438477
4.112,4.06656,0.04544020843505869
3.355,3.0096333,0.34536669731140135
1.491,1.3930053,0.09799474811553965
3.815,4.2356577,-0.42065769195556646
1.839,1.7916356,0.047364367485046355
0.912,1.1599126,-0.24791258621215817
4.115,3.6945033,0.4204966926574709
2.203,2.4647326,-0.2617326469421388
1.581,1.5594798,0.021520167350769004
0.696,0.7630404,-0.06704042339324956
2.705,2.9941306,-0.28913061141967766
2.616,2.719673,-0.10367291831970205
3.895,3.439689,0.4553110790252686
0.75,0.8510111,-0.10101109743118286
1.776,1.9077116,-0.1317116250991821
1.704,1.2877537,0.416246298789978
1.542,1.4763297,0.06567031574249271
1.319,1.5224198,-0.20341981029510503
0.444,0.6199419,-0.17594189023971557
1.45,1.4343382,0.015661787986755327
2.241,2.845568,-0.6045679416656493
1.875,1.7997128,0.07528722286224365
1.929,2.2747185,-0.34571852302551265
0.886,1.058777,-0.17277697467803954
1.839,1.7928938,0.04610623264312741
2.25,2.5901535,-0.34015345573425293
1.828,1.4622104,0.3657895832061768
1.376,1.6525419,-0.2765418758392335
2.653,2.4915771,0.16142285156250002
0.366,0.5961233,-0.23012327814102174
1.255,1.5779232,-0.32292317867279063
1.386,1.7155887,-0.32958868885040293
4.871,3.9395413,0.9314586601257329
1.786,1.8178073,-0.0318073167800903
1.345,1.7443967,-0.3993966865539551
3.067,3.423603,-0.35660305786132795
1.158,1.5783021,-0.42030214500427254
0.914,1.3224313,-0.40843132591247555
2.109,1.9482365,0.16076353454589842
2.592,2.756964,-0.16496396827697746
3.473,3.3696713,0.10332865524291979
1.684,1.825868,-0.14186801052093512
1.509,1.4154288,0.0935712423324584
1.135,1.199081,-0.06408094406127929
3.026,3.0191288,0.0068712005615232385
4.233,3.7343323,0.49866767692565883
4.922,4.5418134,0.3801866264343259
1.906,1.8514276,0.0545724449157714
2.45,1.7614071,0.6885928630828859
0.557,0.86778736,-0.3107873611450195
0.84,1.0036,-0.16360000133514407
2.75,2.6939695,0.0560305118560791
1.896,1.7788177,0.11718234634399405
2.759,2.5033157,0.25568431282043447
3.198,3.521359,-0.3233589668273926
2.917,2.4964933,0.4205066604614256
0.679,0.8906476,-0.21164759016036983
1.89,1.8020386,0.08796144962310781
0.9,1.179164,-0.2791640520095825
3.35,3.3478367,0.002163267135620206
1.767,1.786395,-0.019394953727722264
0.985,1.093895,-0.10889495849609376
2.006,1.998165,0.007834988594054959
0.602,0.71352047,-0.11152046728134157
1.919,1.9235439,-0.004543930053710898
1.911,2.113704,-0.20270396614074704
3.373,3.2257924,0.14720759201049827
2.25,3.5090492,-1.2590491771697998
2.906,2.5298636,0.3761364040374757
1.215,1.2003472,0.014652814865112385
2.932,3.1417248,-0.20972482490539557
1.07,1.3315754,-0.26157539367675775
2.664,2.3718834,0.29211660766601577
0.769,1.092259,-0.32325904941558836
2.203,1.4966222,0.7063777952194212
1.011,1.0762074,-0.06520739936828623
4.746,3.9265637,0.8194362602233891
0.653,0.768791,-0.1157910199165344
1.137,1.2528417,-0.11584171104431151
2.142,2.112844,0.02915600967407217
2.167,2.1608047,0.006195251464843565
1.984,1.9268523,0.057147654533386216
2.122,2.1616564,-0.039656379699707145
2.227,4.14247,-1.915469882965088
2.659,2.206347,0.4526530113220213
0.375,0.9180913,-0.5430912971496582
2.65,2.646045,0.003955030441284091
1.087,1.1446605,-0.05766047286987308
0.467,0.48930115,-0.022301145076751683
1.875,1.90329,-0.0282900333404541
0.616,0.63865685,-0.02265685462951661
3.43,3.424025,0.005974941253662269
1.66,2.000499,-0.34049901008605965
5.00001,2.888348,2.1116618974304195
1.375,1.8477051,-0.4727051258087158
0.906,0.9039563,0.0020437059402466096
0.77,0.7796334,-0.009633402824401838
1.481,1.5620111,-0.08101112270355215
0.916,1.3546616,-0.4386615839004516
1.509,1.9869424,-0.4779424104690553
1.551,1.580053,-0.02905297183990485
0.892,0.8655223,0.026477674961090103
2.154,2.200719,-0.04671911811828622
0.551,0.7610483,-0.21004831695556636
1.974,1.9359707,0.03802933597564695
1.544,1.7381871,-0.19418707466125484
1.417,1.6413229,-0.22432285118103024
0.984,0.8383667,0.14563331270217894
1.526,1.61504,-0.08903994464874265
1.096,1.1722755,-0.07627554321289054
1.713,1.6944753,0.018524706840515215
1.041,0.9822566,0.058743408679962084
1.539,1.5734944,-0.03449443435668953
2.7,2.6497548,0.050245237350464045
2.865,2.9280949,-0.06309486389160135
3.35,2.6198392,0.7301608085632325
1.377,1.2945387,0.08246126365661621
2.32,2.1557271,0.16427285194396957
3.938,3.6025522,0.3354478244781496
0.703,0.8289886,-0.12598861169815068
1.417,1.3635428,0.05345720481872562
1.563,1.5465685,0.016431487083435004
4.5,3.6081455,0.8918545246124268
1.998,1.9033542,0.09464583206176758
0.953,1.2790158,-0.3260157794952393
0.869,1.1985048,-0.3295048055648804
1.875,1.5721225,0.3028775453567505
2.218,2.2284884,-0.01048844528198245
0.588,0.83418614,-0.24618613672256473
1.344,1.6672215,-0.3232215461730956
2.386,2.329069,0.056931100845337035
1.609,1.8209816,-0.21198162174224855
1.364,1.9567065,-0.5927065238952636
1.44,1.4870245,-0.04702454566955572
1.593,1.7664818,-0.1734817571640015
1.553,1.6701694,-0.11716935348510749
1.426,1.7662475,-0.34024751091003425
1.207,1.2858634,-0.07886339950561516
1.262,1.7465761,-0.48457607078552245
2.134,2.0646741,0.06932586097717275
1.169,1.4076856,-0.23868563747406002
1.858,1.6142063,0.24379368591308603
3.56,4.1544514,-0.5944513702392578
1.5,1.2680773,0.23192274570465088
0.889,0.8532987,0.03570127630233766
2.591,2.7473853,-0.15638526344299297
5.00001,4.0525513,0.9474587304687496
1.276,1.107469,0.16853103733062746
0.699,0.91893035,-0.21993035173416142
1.37,2.183473,-0.8134731101989745
2.737,2.7928677,-0.05586766052246084
0.92,0.99813557,-0.07813556671142574
1.183,1.6509368,-0.46793684196472163
4.108,4.7134333,-0.6054332656860355
1.005,1.156685,-0.1516849946975709
4.929,3.7808983,1.148101667404175
1.185,1.1812288,0.0037712430953980025
1.135,1.2151206,-0.0801205539703369
0.899,1.5962746,-0.6972746143341064
5.00001,4.365115,0.6348948342895504
5.00001,5.044477,-0.04446698593139686
1.463,2.927675,-1.4646750087738036
1.135,1.0918475,0.04315246105194093
2.75,2.7475975,0.0024025440216064453
1.025,1.009123,0.015877032279968173
1.471,1.6913464,-0.22034640693664542
2.25,2.1236997,0.12630033493041992
1.394,1.4850239,-0.091023856163025
1.758,1.7376329,0.020367129325866706
0.57,0.8971606,-0.32716058969497686
2.696,1.7855324,0.9104676446914675
2.729,2.3852751,0.34372487449646005
0.762,0.9217565,-0.1597565059661865
4.841,4.328876,0.5121239814758303
1.806,1.5352916,0.2707084474563599
2.38,2.2344456,0.14555442810058583
1.375,1.2093129,0.16568708419799805
1.863,1.6021369,0.2608631496429443
1.929,2.3817267,-0.45272674179077144
0.845,0.6238499,0.22115007162094114
1.076,1.6035353,-0.5275352945327758
0.555,0.5366587,0.018341295719146777
2.653,2.160278,0.4927219181060791
3.883,3.8697822,0.013217790603637702
4.827,3.9925966,0.8344033737182617
1.981,2.3886414,-0.4076413574218749
0.927,0.7238961,0.20310391378402715
3.462,3.7751932,-0.3131932144165037
0.388,0.6843143,-0.2963143105506897
0.567,0.6136998,-0.046699793815612844
1.237,1.652624,-0.4156240110397338
0.938,0.87228227,0.06571773338317866
0.932,1.1385783,-0.20657829570770259
0.44,0.66583836,-0.22583836078643799
0.692,0.9375601,-0.24556008148193365
3.018,2.9401224,0.07787763404846171
2.542,2.4858217,0.056178276062011534
2.098,2.5537777,-0.4557776947021486
1.845,2.0667434,-0.22174337387084964
0.734,0.8808898,-0.14688977336883546
3.39,3.3311822,0.05881775856018079
0.931,0.9746998,-0.04369979524612422
2.023,2.046754,-0.023753883361816275
1.333,0.8988042,0.43419581222534176
2.707,2.6142406,0.09275935363769516
2.402,3.1030002,-0.7010001640319823
1.393,1.3228463,0.07015370655059816
0.57,0.67898905,-0.10898905277252202
1.707,1.2760041,0.43099592399597175
1.192,1.2205489,-0.02854886817932134
1.773,1.7785558,-0.0055557508468628836
2.896,2.9440377,-0.04803767585754404
2.976,2.7806723,0.19532768821716306
1.099,1.2655419,-0.16654191112518313
1.475,1.8692143,-0.3942142963409423
0.787,0.9507197,-0.16371971416473385
1.603,1.7979277,-0.19492773723602297
0.777,1.0498239,-0.27282388019561765
4.735,4.8430376,-0.10803760528564421
5.00001,4.7021494,0.2978606088256832
1.331,1.364159,-0.03315898799896244
0.935,0.78498936,0.15001064300537115
2.801,2.9658477,-0.16484773063659652
2.567,2.4105775,0.1564224643707277
2.88,2.5722866,0.30771339416503896
1.611,1.61735,-0.006349982261657727
1.37,1.8629916,-0.4929915714263915
0.62,0.985324,-0.3653240251541138
4.438,4.6456013,-0.2076012725830081
0.683,0.9203593,-0.23735931348800654
2.621,2.7486453,-0.12764530563354493
1.094,1.2837182,-0.18971822834014884
4.093,3.9475439,0.14545614051818845
1.752,1.8253422,-0.07334217834472656
1.477,1.8719958,-0.39499580669403067
2.875,2.191616,0.6833839416503906
0.932,1.2803121,-0.3483120613098144
0.938,1.4982857,-0.5602856512069703
1.724,1.701533,0.02246704006195066
3.186,3.211061,-0.025061000823974666
1.852,1.6050328,0.2469671983718873
0.652,0.71859044,-0.06659043836593626
1.797,1.2673694,0.5296306104660033
1.592,1.531945,0.06005500984191903
1.519,1.8194058,-0.30040579414367685
0.717,1.159721,-0.4427210168838501
2.452,1.7971686,0.6548313875198364
2.283,3.8660324,-1.583032361984253
1.964,2.1833856,-0.21938561058044437
1.924,1.6718808,0.25211915874481194
0.659,0.50987405,0.1491259541511536
2.823,2.155353,0.66764693069458
1.853,1.8421426,0.010857418060302715
0.886,0.95986795,-0.07386795425415038
0.675,0.8225634,-0.1475634098052978
1.434,0.98526967,0.44873033428192133
1.194,1.2517532,-0.05775321102142339
2.158,2.7523358,-0.5943357868194581
2.574,2.5369885,0.037011503219604336
3.734,3.0117297,0.7222702827453613
1.523,1.4484186,0.07458138275146475
2.457,2.3961291,0.06087086868286118
0.8,0.80107826,-0.001078259944915727
1.372,1.3434001,0.02859987926483165
2.669,2.3790238,0.28997620964050297
3.953,3.7635686,0.18943136024475082
2.221,2.2301097,-0.009109691619872962
5.00001,3.5019712,1.498038755187988
5.00001,3.9863222,1.0136878354644772
2.329,2.2286649,0.1003351249694826
2.597,3.1851578,-0.5881577758789063
2.157,1.9887806,0.1682193822860718
2.432,2.3217592,0.11024077606201166
2.214,1.812081,0.40191902065277096
1.125,0.97598165,0.14901834726333618
3.885,2.4758441,1.4091558551788328
4.1,3.8183107,0.28168926239013636
1.63,1.8653758,-0.23537575721740733
5.0,4.525326,0.4746742248535156
2.313,2.4271002,-0.11410018157958968
0.761,0.84520406,-0.08420405530929564
4.586,2.929326,1.6566739425659183
3.663,3.2928233,0.37017668533325176
2.968,2.3009605,0.6670394592285156
0.586,0.5513047,0.034695302009582485
0.848,0.84922767,-0.0012276668548584224
1.173,1.8318516,-0.6588516016006469
1.266,1.1611149,0.10488506889343263
1.708,1.6701862,0.03781383800506588
1.493,1.2885007,0.20449933338165294
1.19,1.1989859,-0.008985934257507378
3.75,3.6928258,0.0571742057800293
2.849,2.9130213,-0.06402132606506328
1.701,1.1405846,0.5604154119491578
5.00001,3.6784816,1.3215284211730953
0.987,1.3412801,-0.3542801027297974
0.608,0.7244854,-0.1164853973388672
1.428,1.2148182,0.2131817607879638
2.239,2.2627387,-0.023738704681396605
1.375,2.2069612,-0.8319611549377441
2.978,3.3419173,-0.3639172763824461
1.127,1.2229275,-0.09592745113372803
1.133,0.9452178,0.1877822117805481
1.214,1.4667863,-0.25278626537323
2.484,2.5545835,-0.07058354949951173
4.078,4.0364747,0.04152529525756865
3.566,3.3991578,0.16684223747253402
1.063,1.0149522,0.048047817230224554
1.214,1.240788,-0.02678798294067386
2.409,2.088233,0.32076700592040996
2.471,2.1199112,0.35108880615234384
1.379,1.0867794,0.2922206439971924
0.863,0.68889314,0.17410686063766478
5.00001,4.2525444,0.7474655969238277
2.163,2.2392688,-0.07626877975463886
3.056,3.7134655,-0.6574654521942138
1.583,1.74676,-0.16376001071929935
4.521,4.4696054,0.0513945541381835
0.95,1.2124223,-0.262422251701355
1.057,0.84662384,0.21037616205215448
0.846,0.87632656,-0.03032656097412112
2.401,1.9640998,0.4369002351760862
1.625,1.580853,0.04414701461791992
0.966,1.1012498,-0.13524981403350833
0.922,0.764857,0.15714300584793095
2.282,1.9849728,0.29702716541290286
1.137,1.3768542,-0.23985418128967284
0.69,0.7339201,-0.04392009735107427
5.00001,4.473383,0.5266270501708981
2.25,2.1314561,0.11854386329650879
1.74,1.6560773,0.08392273426055907
5.00001,4.8971424,0.10286758972167931
2.53,2.9515145,-0.42151448249816914
2.776,3.5172396,-0.741239570617676
2.852,2.9091394,-0.05713939476013197
0.903,1.0604659,-0.157465931892395
1.899,2.0986674,-0.1996673831939697
3.166,2.8014393,0.3645607147216796
3.019,2.9766865,0.042313522338867315
0.931,1.0434778,-0.11247777366638179
0.942,1.0129303,-0.07093027400970464
2.138,2.0673544,0.07064555931091299
1.875,1.7977989,0.07720112800598145
5.00001,4.1809406,0.8190693719482418
3.257,3.1967132,0.06028679084777844
3.0,2.4249253,0.5750746726989746
1.439,1.511688,-0.07268799400329584
5.00001,4.6836667,0.31634329391479454
2.641,2.7948887,-0.15388873481750487
0.623,0.9702898,-0.34728982639312744
1.388,1.261365,0.12663494396209707
1.054,1.3032727,-0.24927272415161128
0.635,0.6534871,-0.018487086296081534
5.00001,1.982356,3.017654047737121
0.978,1.0626435,-0.08464352798461916
1.274,1.4761913,-0.20219128227233885
1.353,1.6558794,-0.30287937831878664
1.561,1.5808758,-0.019875754356384334
4.468,4.4937463,-0.025746280670166044
0.65,0.8019147,-0.1519146919250488
1.518,1.5176176,0.0003824167251587074
1.922,1.9844091,-0.06240909385681159
1.531,2.092983,-0.5619830074310304
1.658,1.8843507,-0.2263506574630738
2.542,2.7046914,-0.16269141006469745
2.342,2.7695532,-0.42755318450927726
1.125,1.0690361,0.055963873863220215
1.187,1.3705375,-0.183537519454956
2.409,2.4391937,-0.030193725585937692
2.833,3.5704472,-0.7374472064971922
4.5,0.97924685,3.5207531452178955
0.521,0.5628482,-0.04184821033477781
0.559,0.69722223,-0.13822223281860346
0.881,1.1814291,-0.3004291477203369
2.489,2.1940224,0.29497758293151843
0.686,1.0760158,-0.390015830039978
1.563,1.8379215,-0.2749215002059937
2.727,3.0988858,-0.3718857746124269
3.404,3.6126592,-0.2086592159271241
2.188,2.1378427,0.0501573448181154
0.701,0.70351076,-0.0025107612609863716
5.00001,3.7480145,1.2519955499267574
1.625,3.1205893,-1.495589256286621
1.118,1.157319,-0.03931894969940175
1.102,1.5360553,-0.4340553264617919
0.742,0.6097671,0.13223292064666747
1.032,1.1561217,-0.12412173080444333
1.721,2.0304945,-0.30949445152282706
1.32,1.164144,0.15585596084594733
1.663,1.4724154,0.1905845527648926
1.073,0.9223104,0.15068958806991573
1.079,0.94937664,0.12962335729598995
0.946,0.9790168,-0.03301678085327153
0.661,0.97312367,-0.3121236696243286
1.582,1.5770506,0.004949433326721264
0.958,0.837733,0.12026702928543087
1.17,1.123158,0.0468420219421386
1.709,1.8718177,-0.16281770801544182
0.929,1.0584754,-0.12947537517547603
1.625,1.5329341,0.09206593036651611
1.938,1.5781851,0.35981491851806635
1.346,1.1372517,0.20874826526641854
1.231,0.78317195,0.4478280482292176
1.157,1.3022763,-0.14527625370025632
0.835,1.1014862,-0.26648620605468754
0.622,0.5558447,0.06615527582168579
0.744,0.8274843,-0.08348430967330933
1.801,1.6987431,0.10225689506530755
1.958,2.0904984,-0.13249844741821293
5.00001,4.908814,0.09119604660034142
1.443,1.4836999,-0.040699917793273865
1.254,0.9537558,0.30024420404434204
0.808,0.7659288,0.042071195125579885
0.659,0.7614022,-0.10240218973159787
1.579,1.7616512,-0.18265115833282475
5.00001,3.0642793,1.9357306821441647
1.808,2.2741647,-0.4661646766662597
2.362,2.716525,-0.3545250778198241
1.03,1.1487176,-0.11871764183044431
2.169,1.9958616,0.1731383504867554
3.833,3.00962,0.8233800487518312
5.00001,2.88178,2.1182300908660885
0.835,0.8612351,-0.02623508214950565
2.144,2.1622577,-0.018257671356201044
1.0,0.95826846,0.04173153638839722
0.788,0.8554204,-0.06742041063308712
0.976,1.0515808,-0.07558078670501711
1.784,2.3094754,-0.5254754219055175
2.871,3.0922103,-0.2212102928161621
2.701,3.2660124,-0.56501243019104
1.855,2.038991,-0.18399097442626955
0.906,1.1359788,-0.22997881793975827
2.136,1.9067067,0.22929330921173108
1.243,1.2012795,0.04172047901153575
2.05,1.1185068,0.9314932107925413
2.567,2.7352366,-0.16823664474487288
3.927,4.1812243,-0.2542243461608886
1.333,1.4087473,-0.07574731540679935
1.871,1.6621503,0.20884973621368408
2.554,2.9047892,-0.3507892093658449
3.474,2.9691346,0.5048654308319094
1.717,1.6644115,0.052588455200195394
1.125,1.8580289,-0.7330288887023926
0.826,0.9690025,-0.1430024852752686
0.486,0.49606487,-0.010064871549606336
1.341,1.6647818,-0.32378180885314944
2.258,2.0360231,0.22197686004638673
5.00001,4.971294,0.02871607376098595
4.7,5.090881,-0.3908808708190916
2.258,2.4941492,-0.23614920806884765
1.58,2.1925907,-0.6125907135009765
1.171,1.1912214,-0.020221356391906697
4.163,4.2252097,-0.06220971298217748
1.208,1.3375739,-0.1295738859176636
2.263,2.3513472,-0.08834720802307139
1.222,1.3638035,-0.141803505897522
1.0,1.14509,-0.1450899839401245
2.295,1.9970725,0.297927541732788
1.958,0.9393598,1.0186402158737182
0.85,2.001722,-1.1517220973968505
2.647,2.026315,0.620685026168823
4.555,4.760303,-0.2053030204772952
1.76,1.7412546,0.018745431900024423
0.811,0.97959125,-0.16859125041961665
1.664,1.7552317,-0.09123173809051521
0.826,0.92162555,-0.09562555456161503
2.722,2.239416,0.48258411598205564
2.711,3.0073082,-0.29630824470520034
2.394,2.5736291,-0.1796291408538817
1.718,1.820586,-0.10258596611022952
1.218,1.010345,0.20765501785278317
1.736,1.7234876,0.012512384414672839
2.393,2.5736372,-0.1806372470855715
0.588,0.75558686,-0.16758686256408695
2.875,2.596152,0.27884793281555176
0.707,0.9935403,-0.2865402870178223
1.817,1.7792588,0.03774115276336665
1.137,1.2531159,-0.11611589241027831
2.241,2.4044127,-0.16341274642944326
3.513,4.1669397,-0.6539397354125978
3.013,3.2779424,-0.2649424190521241
0.807,1.4871333,-0.6801332645416259
1.526,1.5454185,-0.01941850090026853
2.374,2.4793756,-0.10537560081481923
1.794,1.7793311,0.014668911933898965
5.00001,4.982282,0.017727838287353137
1.702,2.283776,-0.5817760448455811
1.653,1.583081,0.06991899299621585
2.259,2.3199384,-0.06093842124938975
1.597,1.454922,0.1420780391693115
3.635,4.028804,-0.3938038253784182
1.321,1.2695909,0.05140914535522456
3.768,4.192047,-0.4240471191406252
0.969,0.97404116,-0.005041163921356229
3.162,3.9371657,-0.7751657371520997
3.238,3.4137433,-0.17574325752258302
3.875,4.246949,-0.3719491958618164
1.491,1.4211781,0.06982189750671397
5.00001,5.0747995,-0.07478953765869178
2.25,1.2793076,0.9706923961639404
1.788,1.9758656,-0.1878656024932861
0.875,1.0927541,-0.21775412559509277
1.301,0.94574034,0.3552596578598022
5.00001,4.644294,0.3557162149047848
3.49,3.1140141,0.375985851287842
0.73,0.69433004,0.035669963359832746
2.447,2.8115914,-0.3645913867950439
2.754,2.6055841,0.14841585540771485
2.462,2.8187902,-0.35679019737243634
2.362,1.9907246,0.3712754364013673
2.322,2.9499967,-0.6279967098236083
0.533,0.55471003,-0.02171003055572507
1.631,1.2164418,0.4145582494735718
0.724,0.75946563,-0.03546563482284548
2.345,2.0440602,0.30093976974487324
1.5,1.7309246,-0.2309246063232422
1.161,1.1726288,-0.011628760337829558
1.813,1.8583363,-0.0453363294601441
1.21,1.6106962,-0.40069619655609134
0.887,1.081435,-0.19443496513366698
1.825,1.8512418,-0.026241827011108443
1.974,2.3797135,-0.4057135353088379
1.281,1.3532072,-0.07220723056793221
0.765,0.99819833,-0.23319833040237425
3.0,3.006311,-0.006310939788818359
5.00001,4.358425,0.6415848596191402
1.603,1.554688,0.04831202316284178
3.356,3.57699,-0.2209898891448976
1.576,1.4526384,0.12336161231994636
1.906,2.2422657,-0.3362657012939454
1.808,2.058686,-0.25068601799011225
1.042,1.1879448,-0.14594476985931393
1.118,1.325478,-0.2074779577255248
1.941,1.8344892,0.1065107736587525
2.538,3.418183,-0.8801830883026125
1.295,2.2328417,-0.9378417301177979
1.176,1.5539179,-0.3779178848266602
3.398,3.712482,-0.3144819755554198
3.429,3.178758,0.2502420940399168
1.955,1.8848702,0.07012982845306404
0.838,0.84048754,-0.002487539768219027
0.942,1.238858,-0.29685798454284673
1.406,1.2163161,0.18968389606475822
1.609,2.3692493,-0.7602493438720703
1.693,1.7578624,-0.06486244869232172
2.759,2.6221457,0.1368543472290038
1.462,1.4704343,-0.008434308052063022
2.023,2.0803473,-0.05734729957580553
1.54,1.4000654,0.13993457794189457
1.355,1.2827959,0.07220409393310545
2.359,2.2878282,0.07117179298400877
1.288,1.2269933,0.06100667762756351
2.496,2.0514703,0.4445297203063965
3.0,3.0913355,-0.09133553504943848
1.341,1.6686366,-0.3276365604400635
3.086,3.5966961,-0.5106961383819582
3.5,3.2991068,0.20089316368103027
1.108,1.2981254,-0.19012538623809805
1.908,2.014006,-0.10600589942932137
1.088,0.9596668,0.12833321142196663
1.444,1.6390926,-0.19509256458282476
1.629,1.6702622,-0.04126221752166748
1.639,1.8331609,-0.1941608772277832
0.98,0.9198084,0.060191612243652326
1.327,1.3581561,-0.031156085014343304
2.831,2.647679,0.18332090950012203
4.072,3.82622,0.24577996444702155
2.482,2.7059562,-0.22395622062683085
0.645,0.95442677,-0.3094267654418945
5.00001,3.4133787,1.586631284484863
1.944,2.5847678,-0.6407678184509278
1.375,1.5897876,-0.21478760242462158
1.273,1.2626756,0.010324357032775788
0.853,1.0374563,-0.1844562740325928
1.949,1.9642075,-0.015207530021667415
2.211,2.330154,-0.11915394210815444
1.922,1.8594286,0.06257135581970208
4.045,3.1736858,0.8713142108917236
0.735,0.6353069,0.09969310522079466
2.337,2.0703511,0.26664887619018574
1.188,0.9248261,0.2631739144325256
0.7,1.3084568,-0.6084567785263062
1.828,1.7254157,0.10258429336547858
5.00001,4.6477766,0.35223339630126915
1.577,2.0265188,-0.44951882171630864
2.479,2.4031594,0.07584062004089365
5.00001,4.2393513,0.7606587274169918
3.579,2.9956381,0.5833618679046633
0.569,0.53750956,0.03149043941497798
3.024,3.492336,-0.46833603477478025
1.254,1.4974759,-0.24347586250305175
3.864,2.9216387,0.9423612728118895
1.756,1.4996675,0.25633247470855713
1.105,1.2016467,-0.09664668560028078
3.867,4.69053,-0.8235298233032227
1.375,1.6148512,-0.2398512363433838
2.287,2.404321,-0.11732095527648934
1.494,1.6106781,-0.1166780767440796
0.737,0.766855,-0.029855001449584972
5.00001,4.1945615,0.8054485185241695
1.321,1.2576091,0.06339087104797358
0.865,0.99322134,-0.12822134256362916
4.179,3.6097467,0.5692533054351809
1.726,1.6316594,0.09434061145782469
0.997,0.85369647,0.14330353450775146
0.725,1.010849,-0.2858489990234375
1.808,2.0724244,-0.2644244117736816
3.084,2.8049057,0.27909434700012214
2.883,2.7996385,0.0833614902496338
3.022,2.7502613,0.2717386932373045
2.888,3.8057394,-0.9177394027709962
1.0,1.7936066,-0.7936066389083862
2.33,2.241787,0.0882130432128907
1.369,1.467958,-0.09895797348022461
2.094,2.4469492,-0.35294924354553237
2.466,2.6692624,-0.2032624092102049
0.652,1.0259715,-0.37397153186798093
4.912,3.5920384,1.31996160697937
3.567,3.265107,0.30189308357238787
1.643,2.0474968,-0.40449679565429686
0.882,0.911678,-0.029678016185760492
1.559,1.3730586,0.18594144248962396
1.917,1.8071867,0.10981327724456791
0.844,1.5539542,-0.7099542436599732
1.901,2.5810862,-0.6800861587524414
1.125,0.9775141,0.1474859118461609
1.152,1.7693706,-0.6173705558776856
1.746,1.8365581,-0.09055810356140137
1.135,1.3533067,-0.21830665111541747
1.524,2.1382892,-0.614289213180542
2.503,2.3783622,0.12463782119750988
1.837,1.7820812,0.05491875362396237
5.00001,2.621805,2.3782050473785397
3.109,3.113859,-0.0048589382171631
2.306,1.9205561,0.3854439315795899
0.685,0.9653647,-0.28036469459533686
2.674,2.6639295,0.010070537567138604
1.453,1.7839025,-0.33090252590179436
2.82,2.8730931,-0.05309312820434586
2.821,1.3048487,1.5161513290405275
1.898,1.9402584,-0.04225838375091562
2.544,2.31642,0.22757992172241215
1.617,1.6174481,-0.0004480915069580149
1.888,1.9572617,-0.06926168155670176
5.00001,4.088713,0.9112968309020992
0.944,0.92748314,0.016516858577728222
3.428,2.9300864,0.497913625717163
1.915,2.6816025,-0.7666024780273437
2.096,2.1893032,-0.09330315971374503
2.35,2.122981,0.22701892852783212
2.314,3.470099,-1.1560989723205566
1.302,1.8169029,-0.5149028759002685
2.082,1.8373418,0.24465821456909165
5.00001,5.0805745,-0.08056451248168983
1.686,1.9635093,-0.2775093212127686
2.281,1.9860686,0.2949313936233522
1.269,1.7452157,-0.47621565437316904
1.355,1.3487691,0.006230931282043439
1.567,1.9287604,-0.3617604093551636
2.086,2.2606199,-0.17461987876892104
4.367,2.4826088,1.8843912048339844
0.71,0.43266037,0.2773396289348602
0.888,0.8859837,0.0020162944793701287
3.416,3.6054108,-0.1894108142852784
1.202,1.0987345,0.10326550197601314
1.482,1.38975,0.09224999618530272
5.00001,4.3349795,0.6650304658508297
3.75,2.2222984,1.5277016162872314
1.375,1.3462293,0.02877068519592285
0.648,0.9506358,-0.3026357908248901
2.318,2.5415785,-0.22357853126525873
1.607,1.3920679,0.21493209075927733
2.51,2.3800766,0.12992335319519022
1.425,1.877114,-0.4521140575408935
1.765,1.8119326,-0.04693256378173838
1.771,2.2873647,-0.5163647212982179
3.118,3.6367414,-0.5187413997650148
0.846,1.154875,-0.3088750400543213
1.226,1.1621652,0.06383483505249021
1.982,2.171486,-0.18948590087890627
5.0,4.4665494,0.5334506034851074
2.798,2.8721173,-0.07411728096008297
1.95,2.0909398,-0.14093976020812993
2.028,1.7458516,0.28214836406707766
3.541,3.6953962,-0.15439618492126472
2.595,2.471115,0.1238848876953127
5.00001,3.3619466,1.6380634172058102
2.724,2.8451636,-0.12116358375549297
1.839,1.787615,0.051385058403015105
2.858,2.4167485,0.4412514762878419
2.25,2.2386427,0.011357307434082031
2.926,2.693833,0.23216688728332535
0.552,0.45037356,0.10162643980979924
2.62,2.0279586,0.5920413684844972
1.589,1.4515237,0.1374763383865356
1.721,1.9434971,-0.22249706172943107
1.917,1.9190072,-0.002007182121276818
2.25,2.248681,0.0013189315795898438
1.083,1.3412286,-0.25822860431671146
1.136,1.0610121,0.0749878511428832
1.0,1.3269743,-0.3269742727279663
1.917,1.931295,-0.014295037269592248
1.172,0.94064283,0.23135716629028313
1.106,1.0195702,0.08642976856231699
0.802,0.95735294,-0.15535293626785274
0.981,1.4859353,-0.5049353303909302
2.538,2.3035676,0.23443235206603985
0.481,0.5200687,-0.039068705081939714
1.928,1.7623597,0.16564026165008539
1.328,1.1314812,0.1965188293457032
1.963,1.8417763,0.12122374820709236
3.208,2.9613776,0.2466223793029787
3.194,3.6026852,-0.4086852130889893
2.037,2.6257946,-0.5887946491241456
2.071,2.3664987,-0.2954987087249754
0.799,0.8652673,-0.06626727676391597
5.00001,4.4388022,0.5612077577209469
3.3,2.2248926,1.0751073837280272
1.39,1.4998579,-0.10985790252685557
1.875,1.9369404,-0.06194043159484863
4.483,3.0056794,1.4773206310272213
1.763,1.7813495,-0.018349539756775002
1.759,1.0866657,0.6723342504501342
1.042,1.3570328,-0.3150327758789062
1.622,1.7127236,-0.09072361278533925
1.668,1.7383982,-0.07039819431304939
1.612,1.471432,0.14056802940368662
1.531,1.7263373,-0.19533731365203866
1.569,1.0899605,0.47903954410552974
1.581,1.640529,-0.05952903652191166
0.769,0.70504147,0.06395853185653688
1.654,1.7100589,-0.05605892753601083
0.735,1.5543826,-0.8193825626373291
1.184,1.2639035,-0.07990349864959723
1.424,1.6036196,-0.17961957550048835
2.803,2.8626359,-0.059635850906372134
1.072,1.3582294,-0.28622939872741693
1.833,1.7296058,0.10339420604705807
0.988,0.6949361,0.2930639033317566
2.345,1.972273,0.37272700786590596
1.435,1.6266823,-0.19168228149414057
1.08,1.476028,-0.3960279655456542
0.978,0.7838189,0.19418109941482542
0.705,0.7698369,-0.06483690261840824
2.259,1.7038221,0.5551778640747069
2.398,2.3594708,0.0385291557312013
1.364,1.6625388,-0.2985387668609618
1.806,1.6454931,0.1605068502426148
2.396,2.3406553,0.05534467315673819
2.657,2.606685,0.05031507682800296
2.042,1.8389292,0.2030708236694334
1.225,1.7211062,-0.4961061716079711
2.04,2.8000522,-0.7600521659851074
1.953,1.9482841,0.004715850830078194
2.158,2.1521716,0.005828388214111246
5.00001,4.887681,0.11232899261474572
0.758,0.65741175,0.10058824586868287
2.654,3.0875196,-0.43351964569091805
2.737,3.5106244,-0.7736244087219237
1.164,1.0276885,0.13631149673461906
0.594,0.7821251,-0.1881251153945923
1.37,0.89821684,0.4717831563949586
1.192,0.78628314,0.4057168645858764
2.442,2.6006424,-0.1586424427032469
1.7,1.4681846,0.2318154096603393
2.803,3.5043757,-0.701375696182251
2.85,3.812291,-0.9622909069061278
1.026,1.5610304,-0.535030387878418
1.205,1.0468832,0.15811677455902107
3.616,4.28606,-0.6700598564147948
4.553,4.5372386,0.01576140213012689
2.134,2.303488,-0.16948801612854014
1.58,2.0638857,-0.4838856887817382
2.17,1.9642009,0.2057991456985473
0.637,0.61723804,0.01976195526123048
2.443,3.0441868,-0.6011868305206298
1.511,1.6770957,-0.16609565162658702
1.108,1.071798,0.03620203304290781
4.338,4.7587233,-0.4207232589721679
0.729,0.8849737,-0.1559737048149109
1.085,1.4691079,-0.3841078662872315
4.526,4.292431,0.23356912231445293
4.676,4.536709,0.13929116821289078
2.633,2.3450181,0.2879818515777588
2.668,1.7919036,0.8760963850021364
5.00001,4.978256,0.02175377441406212
0.723,0.81418985,-0.09118985128402712
1.515,1.6933869,-0.17838691234588633
